subject_id,config_id,algorithm,representation,constraint_handler,seed,runtime_s,f1_best,f2_best,front_size,hypervolume,igd,spacing,delta_spread
1,nsga2_di_repair,NSGA-II,direct_index,repair,100,1.408573124994291,2100.3300000000004,191.91483201432956,80,1280905.6172863338,233.7794754656352,96.77490642672636,0.8933541732698461
1,nsga2_di_repair,NSGA-II,direct_index,repair,101,1.4367827079986455,2229.3300000000004,185.89063936398202,80,1285172.018377143,244.21807952969013,99.44497254282484,0.7736960850207667
1,nsga2_di_repair,NSGA-II,direct_index,repair,102,1.3852925000101095,1965.5700000000002,177.5136518584197,80,1535118.4500901261,174.16528069534473,129.39745464294907,0.9272724919900102
1,nsga2_di_repair,NSGA-II,direct_index,repair,103,1.400826583005255,2050.57,212.83398527466264,80,2069240.1668781054,189.07388330430763,135.98293934229395,0.7986578866967221
1,nsga2_di_repair,NSGA-II,direct_index,repair,104,1.4124110000120709,1960.3300000000004,170.99006075880757,80,786266.3494219054,242.22698267143224,73.13893739633592,0.7951173701736827
1,nsga2_di_repair,NSGA-II,direct_index,repair,105,1.4093904999899678,1916.9500000000003,225.39180597136422,80,1688844.4997541218,198.86749326899604,180.78090119963602,0.8296364862490919
1,nsga2_di_repair,NSGA-II,direct_index,repair,106,1.4004615000012564,2357.9500000000003,164.4306694570691,80,1010621.709351117,268.74553955684337,99.69906669983577,0.8624425507386472
1,nsga2_di_repair,NSGA-II,direct_index,repair,107,1.4085745830088854,2146.3300000000004,164.94083536411168,80,1221024.5575410405,209.08619091586004,95.23342396311189,0.8247583199620094
1,nsga2_di_repair,NSGA-II,direct_index,repair,108,1.3952494169934653,2190.9500000000003,171.86868270707316,80,1051483.119359376,218.7360034009979,110.03881610769187,0.8296307201836993
1,nsga2_di_repair,NSGA-II,direct_index,repair,109,1.4190741250058636,2372.9500000000003,178.08047632202255,80,1139550.4435959994,287.91766862765763,107.78241967668333,0.7963161539006066
1,nsga2_di_repair,NSGA-II,direct_index,repair,110,1.4145317079965025,2219.9500000000003,171.0131419224379,80,1275865.5636778434,233.3859236272241,114.37981997217504,0.8650634424950154
1,nsga2_di_repair,NSGA-II,direct_index,repair,111,1.402878166991286,1889.3300000000004,243.24130404361017,80,1379896.6554386185,181.5680122962837,103.17572187292517,0.8430731048238939
1,nsga2_di_repair,NSGA-II,direct_index,repair,112,1.4176000419975026,1883.5700000000002,239.84653290764496,80,1825991.1122155658,169.02279715556435,104.57046932279327,0.7512866509661899
1,nsga2_di_repair,NSGA-II,direct_index,repair,113,1.3979066250030883,1582.3300000000004,223.37444671825784,80,1718207.969908674,149.53417008692605,161.9550065766816,0.860773851584739
1,nsga2_di_repair,NSGA-II,direct_index,repair,114,1.3935112090111943,2217.9500000000003,164.49677661922524,80,1054808.360594445,227.65630352382203,126.49729062651843,0.850850643766043
1,nsga2_di_repair,NSGA-II,direct_index,repair,115,1.4074714159942232,1417.9500000000003,279.37075145789765,80,1747731.5950679998,124.84846314810828,124.11845827208873,0.7789401465453611
1,nsga2_di_repair,NSGA-II,direct_index,repair,116,1.3936657910089707,1676.9500000000003,242.685058047624,80,1511937.0759125978,171.14675242948883,83.65630414217071,0.7382925097183396
1,nsga2_di_repair,NSGA-II,direct_index,repair,117,1.414709207994747,1916.9500000000003,224.23362186300102,80,1528022.6985435763,187.0276958496635,127.96525178861371,0.8400402791521845
1,nsga2_di_repair,NSGA-II,direct_index,repair,118,1.3922039580065757,1982.9500000000003,204.41368359227397,80,2929120.3034622925,180.1614919191195,127.83438313236896,0.7812161966668196
1,nsga2_di_repair,NSGA-II,direct_index,repair,119,1.375137499999255,2026.3300000000004,183.82231470496998,80,1241134.8472328698,203.660969656561,132.53611296168194,0.9166197840611882
1,nsga2_di_repair,NSGA-II,direct_index,repair,120,1.3939657080045436,2068.57,171.385145658518,80,879742.5829270763,291.91023767717127,58.80288491360801,0.7674378557570164
1,nsga2_di_repair,NSGA-II,direct_index,repair,121,1.3763129999861121,2054.57,237.8804480309326,80,1333223.1863726822,201.61367095224946,121.03122762489483,0.8247615997192631
1,nsga2_di_repair,NSGA-II,direct_index,repair,122,1.3999922499933746,1940.9500000000003,189.53490022940235,80,1288602.1813180838,189.91913814100928,131.14538093686744,0.7871690760117996
1,nsga2_di_repair,NSGA-II,direct_index,repair,123,1.3827985410025576,1503.9500000000003,198.49878277069044,80,1538214.057439391,109.2809997767615,87.61354847140969,0.710114410367424
1,nsga2_di_repair,NSGA-II,direct_index,repair,124,1.3941371669934597,1710.9500000000003,228.9562739233719,80,1302501.6597319045,136.8552589211377,84.37662759054781,0.7174477738732492
1,nsga2_di_repair,NSGA-II,direct_index,repair,125,1.3981833750003716,1747.5700000000002,207.0248805889494,80,1639402.6521721971,169.14471705421698,157.9902278229947,0.8192360490593333
1,nsga2_di_repair,NSGA-II,direct_index,repair,126,1.3729712080094032,2380.9500000000003,132.5198965150233,80,1391359.424491939,286.68428528863615,89.80908024993056,0.8231588880064036
1,nsga2_di_repair,NSGA-II,direct_index,repair,127,1.3778137089975644,2427.57,172.71630955907648,80,1031232.9139055745,305.9513872023549,109.65832934659278,0.8378088403965297
1,nsga2_di_repair,NSGA-II,direct_index,repair,128,1.3700554589886451,1746.5700000000002,204.86386841921416,80,1606698.7822549301,149.417690511668,160.01696285568252,0.9012538930818196
1,nsga2_di_repair,NSGA-II,direct_index,repair,129,1.413089666995802,1550.3300000000004,300.2301393408512,80,2562326.6287812004,131.80915555756127,180.26940065155847,0.8957477835923855
1,nsga2_rk_repair,NSGA-II,random_key,repair,100,1.4613487499882467,1895.3300000000004,163.14604667103242,80,1485836.4803102764,186.1353021628569,216.86962344921338,0.8957729412641885
1,nsga2_rk_repair,NSGA-II,random_key,repair,101,1.5018663329974515,1096.9500000000003,226.79194841097387,80,1535040.2386570156,82.37118443898024,97.13734201688044,0.7820746810725764
1,nsga2_rk_repair,NSGA-II,random_key,repair,102,1.506559000001289,1515.9500000000003,308.1396384266573,80,2369447.400532742,123.90973425646688,132.7941406636341,0.771134733265895
1,nsga2_rk_repair,NSGA-II,random_key,repair,103,1.4762477920012316,1595.3300000000004,260.4585773127415,80,2706449.9359305776,203.67776031215286,401.2630694821819,0.9538304695515305
1,nsga2_rk_repair,NSGA-II,random_key,repair,104,1.5018147500086343,1464.9500000000003,214.54924788068843,80,1315389.2263137205,159.06209615366566,89.61667984138022,0.7567287317744863
1,nsga2_rk_repair,NSGA-II,random_key,repair,105,1.4504077500023413,1461.9500000000003,221.32022683423077,80,1731529.2098848363,102.84540145053448,153.64293038410284,0.8419137894715976
1,nsga2_rk_repair,NSGA-II,random_key,repair,106,1.496608749992447,1800.9500000000003,212.1426725712255,80,1296917.809863442,139.81447169183159,120.55600024032675,0.8049529422069359
1,nsga2_rk_repair,NSGA-II,random_key,repair,107,1.4736863750003977,1433.19,253.452501582933,80,1745433.196738806,123.61409446607418,163.4550638703538,0.9160609593387546
1,nsga2_rk_repair,NSGA-II,random_key,repair,108,1.4784491669997806,1463.9500000000003,262.9742309019585,80,1720325.9036688318,133.60031944121087,104.43076877447908,0.8351366412019412
1,nsga2_rk_repair,NSGA-II,random_key,repair,109,1.4725394580018474,1348.19,162.2832191717398,80,1649352.9696760662,151.67246278375777,215.20335144481766,0.9447873884154273
1,nsga2_rk_repair,NSGA-II,random_key,repair,110,1.4864103750005597,1834.5700000000002,221.75104585608946,80,1976346.2608225627,160.6357557299127,141.94899984074215,0.8390517957087653
1,nsga2_rk_repair,NSGA-II,random_key,repair,111,1.490961999996216,1383.9500000000003,274.9551150167266,80,2282534.5842554593,106.44462626053016,187.83904685259768,0.8114778264255397
1,nsga2_rk_repair,NSGA-II,random_key,repair,112,1.4982141249929555,2228.3300000000004,215.68105304774642,80,934389.2874387302,324.07314838176154,59.65875689779681,0.8214540747367344
1,nsga2_rk_repair,NSGA-II,random_key,repair,113,1.476928832998965,1484.3300000000004,177.1872194519403,80,1070231.818447403,100.82123536805237,111.3274605691163,0.8459144126667295
1,nsga2_rk_repair,NSGA-II,random_key,repair,114,1.481314165997901,1969.3300000000004,170.15420752848604,80,995233.2744545259,213.48849242307634,92.09789447088629,0.8440343819216675
1,nsga2_rk_repair,NSGA-II,random_key,repair,115,1.4965540839912137,1893.9500000000003,193.3044337191058,80,1828312.8317922186,151.16187671851327,185.42948064368375,0.8422904724751147
1,nsga2_rk_repair,NSGA-II,random_key,repair,116,1.491979166996316,1642.3300000000004,143.4959430036141,80,1461277.646794677,157.8739943693064,109.75602445106348,0.79170648626265
1,nsga2_rk_repair,NSGA-II,random_key,repair,117,1.501381207999657,1059.5700000000002,224.69543481734672,80,1817137.8335237158,152.10635805598267,234.44068405803557,0.835065357314965
1,nsga2_rk_repair,NSGA-II,random_key,repair,118,1.4567003749980358,1071.9500000000003,240.90604943648202,80,1310376.7760093906,138.70776028539217,111.03974941673339,0.8003304869876106
1,nsga2_rk_repair,NSGA-II,random_key,repair,119,1.4636696670058882,2053.3300000000004,207.4439654687222,80,1442328.6019335,184.87911225424116,104.82146679620138,0.7925593595374543
1,nsga2_rk_repair,NSGA-II,random_key,repair,120,1.4939797499973793,1716.19,162.54598444260708,80,699870.3936352516,317.02827435092905,64.59887045629567,0.8762398358607647
1,nsga2_rk_repair,NSGA-II,random_key,repair,121,1.4946843329962576,1474.3300000000004,253.87018036958648,80,1668025.1921245186,135.09017554127084,108.1850211808772,0.7879491843037973
1,nsga2_rk_repair,NSGA-II,random_key,repair,122,1.4554321670002537,1905.9500000000003,180.42284122210972,80,1295573.7463329812,172.3169511042187,104.70381058434441,0.8295208174644939
1,nsga2_rk_repair,NSGA-II,random_key,repair,123,1.4859919579903362,1285.5700000000002,223.5981857053664,80,1622410.3095962708,90.2086402681208,144.48112322271808,0.8461626095868339
1,nsga2_rk_repair,NSGA-II,random_key,repair,124,1.4885495000053197,2091.9500000000003,187.85397244355755,80,1344477.5418135342,195.5415330394033,110.30302555045982,0.790998974143028
1,nsga2_rk_repair,NSGA-II,random_key,repair,125,1.4819716659985716,1424.9500000000003,251.14686670230378,80,1699340.7334121685,103.44465305136379,89.8586810059595,0.7317168933437475
1,nsga2_rk_repair,NSGA-II,random_key,repair,126,1.471962124996935,746.3300000000004,144.3495671123173,80,1518061.5036864658,70.51695558190835,278.25909184722343,0.9808810077713122
1,nsga2_rk_repair,NSGA-II,random_key,repair,127,1.4639952080033254,1889.5700000000002,189.48675315228513,80,1630956.682681277,172.1872996421506,170.5159896916398,0.9268329330236228
1,nsga2_rk_repair,NSGA-II,random_key,repair,128,1.5012132080009906,2813.9500000000003,160.38804607510363,80,1604949.2639995082,376.732563178788,148.6122869689917,0.8417149955988895
1,nsga2_rk_repair,NSGA-II,random_key,repair,129,1.4719486249960028,1645.9500000000003,171.08742077485647,80,1446310.4269543102,152.1097117051901,113.5537204965277,0.8651398071975652
1,nsga2_di_penalty,NSGA-II,direct_index,penalty,100,2.739998499993817,2100.3300000000004,191.91483201432956,80,1280905.6172863338,233.7794754656352,96.77490642672636,0.8933541732698461
1,nsga2_di_penalty,NSGA-II,direct_index,penalty,101,2.7993634169979487,2229.3300000000004,185.89063936398202,80,1285172.018377143,244.21807952969013,99.44497254282484,0.7736960850207667
1,nsga2_di_penalty,NSGA-II,direct_index,penalty,102,2.7610572910052724,1965.5700000000002,177.5136518584197,80,1535118.4500901261,174.16528069534473,129.39745464294907,0.9272724919900102
1,nsga2_di_penalty,NSGA-II,direct_index,penalty,103,2.6699615409888793,2050.57,212.83398527466264,80,2069240.1668781054,189.07388330430763,135.98293934229395,0.7986578866967221
1,nsga2_di_penalty,NSGA-II,direct_index,penalty,104,2.7388804170041112,1960.3300000000004,170.99006075880757,80,786266.3494219054,242.22698267143224,73.13893739633592,0.7951173701736827
1,nsga2_di_penalty,NSGA-II,direct_index,penalty,105,2.7846807500027353,1916.9500000000003,225.39180597136422,80,1688844.4997541218,198.86749326899604,180.78090119963602,0.8296364862490919
1,nsga2_di_penalty,NSGA-II,direct_index,penalty,106,2.744245542009594,2357.9500000000003,164.4306694570691,80,1010621.709351117,268.74553955684337,99.69906669983577,0.8624425507386472
1,nsga2_di_penalty,NSGA-II,direct_index,penalty,107,2.763790000011795,2146.3300000000004,164.94083536411168,80,1221024.5575410405,209.08619091586004,95.23342396311189,0.8247583199620094
1,nsga2_di_penalty,NSGA-II,direct_index,penalty,108,2.808890624990454,2190.9500000000003,171.86868270707316,80,1051483.119359376,218.7360034009979,110.03881610769187,0.8296307201836993
1,nsga2_di_penalty,NSGA-II,direct_index,penalty,109,2.8095101670041913,2372.9500000000003,178.08047632202255,80,1139550.4435959994,287.91766862765763,107.78241967668333,0.7963161539006066
1,nsga2_di_penalty,NSGA-II,direct_index,penalty,110,2.771364125001128,2219.9500000000003,171.0131419224379,80,1275865.5636778434,233.3859236272241,114.37981997217504,0.8650634424950154
1,nsga2_di_penalty,NSGA-II,direct_index,penalty,111,2.7604331670008833,1889.3300000000004,243.24130404361017,80,1379896.6554386185,181.5680122962837,103.17572187292517,0.8430731048238939
1,nsga2_di_penalty,NSGA-II,direct_index,penalty,112,2.8656282079900848,1883.5700000000002,239.84653290764496,80,1825991.1122155658,169.02279715556435,104.57046932279327,0.7512866509661899
1,nsga2_di_penalty,NSGA-II,direct_index,penalty,113,2.7953783749981085,1582.3300000000004,223.37444671825784,80,1718207.969908674,149.53417008692605,161.9550065766816,0.860773851584739
1,nsga2_di_penalty,NSGA-II,direct_index,penalty,114,2.7909384170052363,2217.9500000000003,164.49677661922524,80,1054808.360594445,227.65630352382203,126.49729062651843,0.850850643766043
1,nsga2_di_penalty,NSGA-II,direct_index,penalty,115,2.801501833993825,1417.9500000000003,279.37075145789765,80,1747731.5950679998,124.84846314810828,124.11845827208873,0.7789401465453611
1,nsga2_di_penalty,NSGA-II,direct_index,penalty,116,2.7442796250106767,1676.9500000000003,242.685058047624,80,1511937.0759125978,171.14675242948883,83.65630414217071,0.7382925097183396
1,nsga2_di_penalty,NSGA-II,direct_index,penalty,117,2.768224250001367,1916.9500000000003,224.23362186300102,80,1528022.6985435763,187.0276958496635,127.96525178861371,0.8400402791521845
1,nsga2_di_penalty,NSGA-II,direct_index,penalty,118,2.7805796669999836,1982.9500000000003,204.41368359227397,80,2929120.3034622925,180.1614919191195,127.83438313236896,0.7812161966668196
1,nsga2_di_penalty,NSGA-II,direct_index,penalty,119,2.7292077080055606,2026.3300000000004,183.82231470496998,80,1241134.8472328698,203.660969656561,132.53611296168194,0.9166197840611882
1,nsga2_di_penalty,NSGA-II,direct_index,penalty,120,2.7777579160028836,2068.57,171.385145658518,80,879742.5829270763,291.91023767717127,58.80288491360801,0.7674378557570164
1,nsga2_di_penalty,NSGA-II,direct_index,penalty,121,2.720556416999898,2054.57,237.8804480309326,80,1333223.1863726822,201.61367095224946,121.03122762489483,0.8247615997192631
1,nsga2_di_penalty,NSGA-II,direct_index,penalty,122,2.713097125000786,1940.9500000000003,189.53490022940235,80,1288602.1813180838,189.91913814100928,131.14538093686744,0.7871690760117996
1,nsga2_di_penalty,NSGA-II,direct_index,penalty,123,2.761225624999497,1503.9500000000003,198.49878277069044,80,1538214.057439391,109.2809997767615,87.61354847140969,0.710114410367424
1,nsga2_di_penalty,NSGA-II,direct_index,penalty,124,2.7864314159960486,1710.9500000000003,228.9562739233719,80,1302501.6597319045,136.8552589211377,84.37662759054781,0.7174477738732492
1,nsga2_di_penalty,NSGA-II,direct_index,penalty,125,2.7675743750005495,1747.5700000000002,207.0248805889494,80,1639402.6521721971,169.14471705421698,157.9902278229947,0.8192360490593333
1,nsga2_di_penalty,NSGA-II,direct_index,penalty,126,2.7179623749980237,2380.9500000000003,132.5198965150233,80,1391359.424491939,286.68428528863615,89.80908024993056,0.8231588880064036
1,nsga2_di_penalty,NSGA-II,direct_index,penalty,127,2.7659872920048656,2427.57,172.71630955907648,80,1031232.9139055745,305.9513872023549,109.65832934659278,0.8378088403965297
1,nsga2_di_penalty,NSGA-II,direct_index,penalty,128,2.7327033339970512,1746.5700000000002,204.86386841921416,80,1606698.7822549301,149.417690511668,160.01696285568252,0.9012538930818196
1,nsga2_di_penalty,NSGA-II,direct_index,penalty,129,2.7626066249940777,1550.3300000000004,300.2301393408512,80,2562326.6287812004,131.80915555756127,180.26940065155847,0.8957477835923855
1,nsga2_di_death,NSGA-II,direct_index,death_penalty,100,2.7613254169991706,2100.3300000000004,191.91483201432956,80,1280905.6172863338,233.7794754656352,96.77490642672636,0.8933541732698461
1,nsga2_di_death,NSGA-II,direct_index,death_penalty,101,2.7402356670063455,2229.3300000000004,185.89063936398202,80,1285172.018377143,244.21807952969013,99.44497254282484,0.7736960850207667
1,nsga2_di_death,NSGA-II,direct_index,death_penalty,102,2.7339450829895213,1965.5700000000002,177.5136518584197,80,1535118.4500901261,174.16528069534473,129.39745464294907,0.9272724919900102
1,nsga2_di_death,NSGA-II,direct_index,death_penalty,103,2.6628101249953033,2050.57,212.83398527466264,80,2069240.1668781054,189.07388330430763,135.98293934229395,0.7986578866967221
1,nsga2_di_death,NSGA-II,direct_index,death_penalty,104,2.7308432919962797,1960.3300000000004,170.99006075880757,80,786266.3494219054,242.22698267143224,73.13893739633592,0.7951173701736827
1,nsga2_di_death,NSGA-II,direct_index,death_penalty,105,2.781960665990482,1916.9500000000003,225.39180597136422,80,1688844.4997541218,198.86749326899604,180.78090119963602,0.8296364862490919
1,nsga2_di_death,NSGA-II,direct_index,death_penalty,106,2.7158158749953145,2357.9500000000003,164.4306694570691,80,1010621.709351117,268.74553955684337,99.69906669983577,0.8624425507386472
1,nsga2_di_death,NSGA-II,direct_index,death_penalty,107,2.7221310839959187,2146.3300000000004,164.94083536411168,80,1221024.5575410405,209.08619091586004,95.23342396311189,0.8247583199620094
1,nsga2_di_death,NSGA-II,direct_index,death_penalty,108,2.783970791992033,2190.9500000000003,171.86868270707316,80,1051483.119359376,218.7360034009979,110.03881610769187,0.8296307201836993
1,nsga2_di_death,NSGA-II,direct_index,death_penalty,109,2.7530266249959823,2372.9500000000003,178.08047632202255,80,1139550.4435959994,287.91766862765763,107.78241967668333,0.7963161539006066
1,nsga2_di_death,NSGA-II,direct_index,death_penalty,110,2.672624332990381,2219.9500000000003,171.0131419224379,80,1275865.5636778434,233.3859236272241,114.37981997217504,0.8650634424950154
1,nsga2_di_death,NSGA-II,direct_index,death_penalty,111,2.7208364160032943,1889.3300000000004,243.24130404361017,80,1379896.6554386185,181.5680122962837,103.17572187292517,0.8430731048238939
1,nsga2_di_death,NSGA-II,direct_index,death_penalty,112,2.7948835420102114,1883.5700000000002,239.84653290764496,80,1825991.1122155658,169.02279715556435,104.57046932279327,0.7512866509661899
1,nsga2_di_death,NSGA-II,direct_index,death_penalty,113,2.7487878749961965,1582.3300000000004,223.37444671825784,80,1718207.969908674,149.53417008692605,161.9550065766816,0.860773851584739
1,nsga2_di_death,NSGA-II,direct_index,death_penalty,114,2.7331136249995325,2217.9500000000003,164.49677661922524,80,1054808.360594445,227.65630352382203,126.49729062651843,0.850850643766043
1,nsga2_di_death,NSGA-II,direct_index,death_penalty,115,2.7526698330038926,1417.9500000000003,279.37075145789765,80,1747731.5950679998,124.84846314810828,124.11845827208873,0.7789401465453611
1,nsga2_di_death,NSGA-II,direct_index,death_penalty,116,2.7672893749986542,1676.9500000000003,242.685058047624,80,1511937.0759125978,171.14675242948883,83.65630414217071,0.7382925097183396
1,nsga2_di_death,NSGA-II,direct_index,death_penalty,117,2.7541667919867905,1916.9500000000003,224.23362186300102,80,1528022.6985435763,187.0276958496635,127.96525178861371,0.8400402791521845
1,nsga2_di_death,NSGA-II,direct_index,death_penalty,118,2.7237923330103513,1982.9500000000003,204.41368359227397,80,2929120.3034622925,180.1614919191195,127.83438313236896,0.7812161966668196
1,nsga2_di_death,NSGA-II,direct_index,death_penalty,119,2.7376745419896906,2026.3300000000004,183.82231470496998,80,1241134.8472328698,203.660969656561,132.53611296168194,0.9166197840611882
1,nsga2_di_death,NSGA-II,direct_index,death_penalty,120,2.754887000002782,2068.57,171.385145658518,80,879742.5829270763,291.91023767717127,58.80288491360801,0.7674378557570164
1,nsga2_di_death,NSGA-II,direct_index,death_penalty,121,2.719009707987425,2054.57,237.8804480309326,80,1333223.1863726822,201.61367095224946,121.03122762489483,0.8247615997192631
1,nsga2_di_death,NSGA-II,direct_index,death_penalty,122,2.690934374986682,1940.9500000000003,189.53490022940235,80,1288602.1813180838,189.91913814100928,131.14538093686744,0.7871690760117996
1,nsga2_di_death,NSGA-II,direct_index,death_penalty,123,2.7064992919913493,1503.9500000000003,198.49878277069044,80,1538214.057439391,109.2809997767615,87.61354847140969,0.710114410367424
1,nsga2_di_death,NSGA-II,direct_index,death_penalty,124,2.7865714999934426,1710.9500000000003,228.9562739233719,80,1302501.6597319045,136.8552589211377,84.37662759054781,0.7174477738732492
1,nsga2_di_death,NSGA-II,direct_index,death_penalty,125,2.716488375008339,1747.5700000000002,207.0248805889494,80,1639402.6521721971,169.14471705421698,157.9902278229947,0.8192360490593333
1,nsga2_di_death,NSGA-II,direct_index,death_penalty,126,2.7120934580016183,2380.9500000000003,132.5198965150233,80,1391359.424491939,286.68428528863615,89.80908024993056,0.8231588880064036
1,nsga2_di_death,NSGA-II,direct_index,death_penalty,127,2.7610509999940405,2427.57,172.71630955907648,80,1031232.9139055745,305.9513872023549,109.65832934659278,0.8378088403965297
1,nsga2_di_death,NSGA-II,direct_index,death_penalty,128,2.7800843750010245,1746.5700000000002,204.86386841921416,80,1606698.7822549301,149.417690511668,160.01696285568252,0.9012538930818196
1,nsga2_di_death,NSGA-II,direct_index,death_penalty,129,2.7404089999909047,1550.3300000000004,300.2301393408512,80,2562326.6287812004,131.80915555756127,180.26940065155847,0.8957477835923855
1,paes_di_repair,PAES,direct_index,repair,100,2.023789416998625,4067.3300000000004,122.58145536217097,40,314241.75031969766,1012.8748437640269,218.40377305347658,1.0523773257602012
1,paes_di_repair,PAES,direct_index,repair,101,2.006931625001016,2856.9500000000003,130.8262675268234,40,280457.8297120454,533.3128305220808,118.51111094243409,0.9347115510477679
1,paes_di_repair,PAES,direct_index,repair,102,2.096540750004351,4376.57,115.59817565956483,40,471421.36476822064,1101.144417358938,242.5764141747325,1.0822307825385085
1,paes_di_repair,PAES,direct_index,repair,103,1.9620736250071786,2872.9500000000003,150.23336554204903,40,701936.9948830759,474.86917058067564,225.3444378385331,0.993612367365926
1,paes_di_repair,PAES,direct_index,repair,104,1.9487217080022674,2444.9500000000003,157.52526428459623,40,273777.3971733646,564.0206773200491,134.44839856138796,1.0456526132961022
1,paes_di_repair,PAES,direct_index,repair,105,1.9849449159955839,4685.950000000001,101.11905477737909,40,446840.4196919879,1287.3088621857235,238.30835215925404,1.0910441683469698
1,paes_di_repair,PAES,direct_index,repair,106,1.9479359999968437,2775.3300000000004,175.76762319097304,40,836489.0907959811,448.03269184242527,226.21245649635716,0.9443504253828076
1,paes_di_repair,PAES,direct_index,repair,107,1.9170382090087514,3864.3300000000004,102.63254338846097,40,246237.54212539288,901.8324586298658,163.01217811968056,0.9824087400503762
1,paes_di_repair,PAES,direct_index,repair,108,2.0602898340002866,2997.9500000000003,114.71625809983018,40,232652.6619246455,519.0726379717468,146.56584101797577,1.0035584788962686
1,paes_di_repair,PAES,direct_index,repair,109,1.9686659169965424,3473.9500000000003,114.99410539105598,40,167863.5107693628,866.6541824925979,146.80039844186874,1.1099631016451261
1,paes_di_repair,PAES,direct_index,repair,110,2.0174183749913936,2229.9500000000003,148.1602671511252,40,581525.7560955381,321.67961322022086,250.344175444322,1.0164617946824932
1,paes_di_repair,PAES,direct_index,repair,111,1.9216710830078227,2926.3300000000004,136.3531009947779,40,221022.00927948553,791.5689881685049,106.372138617359,1.0468564005097716
1,paes_di_repair,PAES,direct_index,repair,112,1.90691966599843,3778.3300000000004,131.03199388603025,40,276178.5513909505,864.4427121127167,139.69130749620066,1.0091253100878592
1,paes_di_repair,PAES,direct_index,repair,113,1.9830081249965588,2418.9500000000003,209.8184556846303,40,1267138.1073558447,407.4706440700905,540.2790140145635,1.042152611041178
1,paes_di_repair,PAES,direct_index,repair,114,1.987091082992265,2451.3300000000004,135.72306476098143,40,705643.4988995598,308.66332115677164,292.6836488957237,0.9465148972226238
1,paes_di_repair,PAES,direct_index,repair,115,2.051846000002115,2860.3300000000004,147.57501566482293,40,435403.1182395243,497.44275808669653,166.3075542029875,0.9832939112262128
1,paes_di_repair,PAES,direct_index,repair,116,1.8212494579929626,2155.57,128.29592814581173,28,905447.6170464214,346.03890524488617,241.08490506126816,0.8796231341800702
1,paes_di_repair,PAES,direct_index,repair,117,2.0295153750048485,2445.9500000000003,155.4567688380984,40,606368.751975053,343.5413190137522,289.9321609985704,1.0501283912613544
1,paes_di_repair,PAES,direct_index,repair,118,1.9827395000029355,2942.3300000000004,139.2995999876307,40,527249.4089484739,442.8995426028979,283.73289858467837,0.9924493432936311
1,paes_di_repair,PAES,direct_index,repair,119,2.0049508749943925,2731.3300000000004,123.81199732489924,40,461385.2831909774,440.4623523875829,408.49787112776903,1.1417988790386986
1,paes_di_repair,PAES,direct_index,repair,120,1.9644091250083875,2883.9500000000003,128.2859128057238,40,325095.1167120029,473.5661437204729,146.15249404560635,0.9700242434045534
1,paes_di_repair,PAES,direct_index,repair,121,2.0016945410025073,2759.9500000000003,132.60996379673432,40,488979.51877765317,485.80439364226385,339.34558360378816,1.1012965698173822
1,paes_di_repair,PAES,direct_index,repair,122,2.064323084006901,2775.3300000000004,147.51105043706548,40,932026.0291011522,387.29517897531065,388.1001198876937,1.0569794230896088
1,paes_di_repair,PAES,direct_index,repair,123,2.0319288749888074,3004.9500000000003,124.68278893292171,40,393525.07586677745,551.9216233189799,272.4192087599789,1.0578119036016616
1,paes_di_repair,PAES,direct_index,repair,124,2.004584166992572,4132.57,163.22843589156855,40,553115.2513869517,1032.302983651113,170.84601805944706,0.9365083204281804
1,paes_di_repair,PAES,direct_index,repair,125,2.033084000009694,1747.9500000000003,165.21422723024773,40,396151.8625322753,637.4453339359279,96.79248451349603,0.9529221123699677
1,paes_di_repair,PAES,direct_index,repair,126,1.9565570419945288,4594.330000000002,189.97191139391182,40,568793.5173754757,1363.1913888403776,82.17011409555883,0.9549827104726192
1,paes_di_repair,PAES,direct_index,repair,127,1.96646129200235,3911.3300000000004,127.8096865259646,40,509833.0762129808,919.1547809179706,183.6212327950201,1.0283992572651193
1,paes_di_repair,PAES,direct_index,repair,128,2.0195042499981355,3929.3300000000004,114.28217054624562,40,935998.1958992033,959.3269910949574,508.5912304731368,1.1331047918550594
1,paes_di_repair,PAES,direct_index,repair,129,2.132405790995108,2283.3300000000004,133.58411165164932,40,508948.7691025665,272.5208452763544,211.5110386736846,0.9045149157087773
1,mopso_rk,MOPSO,random_key,none,100,0.387233292000019,3344.9500000000003,178.0523394984034,10,502997.6094884509,685.2719591257693,365.2024702031036,0.7098938151737294
1,mopso_rk,MOPSO,random_key,none,101,0.37593945900152903,2868.19,218.83633582303978,17,760537.9841300311,501.55825356049206,270.48548177240866,0.7392513699980023
1,mopso_rk,MOPSO,random_key,none,102,0.4121885829954408,3904.9500000000003,210.83997125908132,32,654701.4394317655,896.7803544741168,287.13108857397765,1.1390066570548716
1,mopso_rk,MOPSO,random_key,none,103,0.36712691700086,4097.33,169.85246851564264,11,596312.7475569389,1018.6138078452219,744.3369753383189,0.8936059850660953
1,mopso_rk,MOPSO,random_key,none,104,0.3659807920048479,3770.3300000000004,159.991906813079,11,406916.5457225658,879.4342339282174,551.0609197093961,0.8596172911489876
1,mopso_rk,MOPSO,random_key,none,105,0.37881991699396167,2315.9500000000003,280.0871492795247,28,697525.1101865588,553.5521411816225,208.4177522952574,0.928446959916371
1,mopso_rk,MOPSO,random_key,none,106,0.3786725829995703,3990.9500000000003,144.61670709150684,8,474227.9284860466,980.5879718313585,547.8123764219583,0.8277683033710643
1,mopso_rk,MOPSO,random_key,none,107,0.3659331250091782,3615.3300000000004,223.61554383394798,14,809079.4986826272,806.8514587202186,712.2208818361636,0.995565708710652
1,mopso_rk,MOPSO,random_key,none,108,0.37467375000414904,2942.9500000000003,188.0293774453046,16,426412.6556224762,618.2406664531846,183.5700956827055,0.7506390798845014
1,mopso_rk,MOPSO,random_key,none,109,0.36775516701163724,3032.3300000000004,195.18407823381108,16,462917.11121965304,712.0740010705379,296.8454778461695,0.9229140243625269
1,mopso_rk,MOPSO,random_key,none,110,0.43224887500400655,3059.3300000000004,189.99408063466822,27,260287.39584166836,847.5372551134523,193.2016105188333,1.110966115607031
1,mopso_rk,MOPSO,random_key,none,111,0.42927824999787845,3649.3300000000004,222.96442253720517,14,905325.7008426208,808.7079940450377,536.2424163774494,0.9330103269945711
1,mopso_rk,MOPSO,random_key,none,112,0.4431280830031028,3470.9500000000003,211.6382431267183,15,763012.7245705948,714.4538247072417,546.9204413015278,0.8921665697297451
1,mopso_rk,MOPSO,random_key,none,113,0.386917292009457,2099.9500000000003,193.0124038124616,11,771690.3994389544,424.11825832785394,1158.4049370646485,0.9480049984697878
1,mopso_rk,MOPSO,random_key,none,114,0.37389208300737664,3283.3300000000004,151.9230420083726,13,371182.00741101825,662.1020581648646,305.87704698151975,0.8323349515384971
1,mopso_rk,MOPSO,random_key,none,115,0.3661006250040373,2811.57,216.2705457989278,12,645995.3272668447,582.2921972062069,338.2889977234434,0.7500922947698287
1,mopso_rk,MOPSO,random_key,none,116,0.36742533299548086,3386.3300000000004,193.9863494437756,20,1316841.9522755842,641.3140525442737,493.2164084086302,1.002264077651074
1,mopso_rk,MOPSO,random_key,none,117,0.37235729199892376,2686.9500000000003,172.6789495797723,18,689757.7835408339,475.5045533442145,594.7401076570904,0.8351263882836564
1,mopso_rk,MOPSO,random_key,none,118,0.36473566699714866,4534.950000000001,203.78617984754808,11,614122.4985570207,1231.3514405360497,336.57253371296207,0.7113674676208572
1,mopso_rk,MOPSO,random_key,none,119,0.36895620900031645,3449.3300000000004,183.63531087893506,13,721994.5448306124,696.8957926988782,657.3685210940221,0.7820108781915678
1,mopso_rk,MOPSO,random_key,none,120,0.3590042919968255,2552.9500000000003,233.61592022350692,14,711674.2841543299,488.10862712863906,264.9715635390405,0.7603191551089964
1,mopso_rk,MOPSO,random_key,none,121,0.35750312500749715,3162.9500000000003,179.13024391526812,13,451418.42545826524,622.1659167052945,521.2032255777657,0.8748709089324066
1,mopso_rk,MOPSO,random_key,none,122,0.37102529099502135,4116.950000000001,163.16891965965488,12,512591.6103378131,1003.996246110174,646.2320728578047,0.9280083285250618
1,mopso_rk,MOPSO,random_key,none,123,0.3792177499999525,4161.33,200.16355106378614,16,603755.9654626754,1011.764141515677,290.1312202181025,0.7593633177750612
1,mopso_rk,MOPSO,random_key,none,124,0.36281937500461936,2857.9500000000003,166.76076525214015,21,296755.2234710913,644.5170719225016,207.79456333248498,0.9276418698031142
1,mopso_rk,MOPSO,random_key,none,125,0.3705191249900963,5252.330000000002,167.82692311677465,8,444457.84671762644,1750.5725725672974,735.0874957709132,0.8588556934215684
1,mopso_rk,MOPSO,random_key,none,126,0.37138633300492074,4189.33,209.13772048978717,15,883273.9604102953,1070.0356416617517,629.6628008143718,0.9173032254363791
1,mopso_rk,MOPSO,random_key,none,127,0.3922804169997107,4363.33,204.8328055978954,37,605952.378584141,1169.8846041733557,266.8402930794897,1.1727372656518473
1,mopso_rk,MOPSO,random_key,none,128,0.3869198329921346,4382.33,178.86225768552407,10,915100.674436509,1178.3296114786465,307.70659929924636,0.7118567886385399
1,mopso_rk,MOPSO,random_key,none,129,0.36902716699114535,4190.33,201.30669941608875,12,815805.4027472988,1129.0599574768705,915.8323225387722,0.9814636086251358
1,paco_di,P-ACO,direct_index,none,100,33.38043504199595,3709.57,205.14219805100413,9,729673.9374285518,821.1982535631992,564.7883975823097,0.6229472559288616
1,paco_di,P-ACO,direct_index,none,101,33.31835379199765,4431.33,197.63624308951256,12,547046.615160267,1164.5341529836162,376.9343779048018,0.7682122977528419
1,paco_di,P-ACO,direct_index,none,102,33.260257957997965,4351.33,220.7527437268032,15,870509.7701468974,1180.5876207556375,520.9476404419153,0.8806236152440007
1,paco_di,P-ACO,direct_index,none,103,33.34651545899396,4356.950000000001,218.01768953674704,12,457540.9318106598,1194.4645012237684,233.18673468265305,0.8299440441875289
1,paco_di,P-ACO,direct_index,none,104,33.2762042079994,3483.3300000000004,161.9404089881678,6,305713.18952936784,801.5353428889154,528.2714419720918,0.6194508385618946
1,paco_di,P-ACO,direct_index,none,105,33.29457924999588,4741.950000000001,211.11807735812644,8,690482.27587579,1387.2807332061973,746.4265456424484,0.8173852664065344
1,paco_di,P-ACO,direct_index,none,106,33.33211466700595,4966.33,183.37473529529396,9,614823.5312097427,1513.8123855662357,333.11874273156496,0.653762226269405
1,paco_di,P-ACO,direct_index,none,107,33.34588412501034,3898.3300000000004,210.6671617601679,7,887642.0457698165,996.056035317099,611.3072524727398,0.644743793015532
1,paco_di,P-ACO,direct_index,none,108,33.35495408400311,4646.950000000001,165.2960969446014,9,390947.0860905601,1301.6298998234963,356.167166601311,0.7242059562844486
1,paco_di,P-ACO,direct_index,none,109,33.342145749993506,3851.3300000000004,170.2263706750249,4,150552.61190125524,1153.1889613199169,526.1830743271956,0.802398581325939
1,paco_di,P-ACO,direct_index,none,110,33.329673874992295,2953.9500000000003,277.12411866841535,13,1044751.27115781,539.5936589012637,384.2795571152402,0.7190490114683954
1,paco_di,P-ACO,direct_index,none,111,33.29152191699541,4019.3300000000004,111.02504811151755,4,149778.54593497925,1176.3587110392498,1127.9818039817692,0.5506355436108485
1,paco_di,P-ACO,direct_index,none,112,33.47689670800173,4069.3300000000004,166.80709429699928,10,453290.42414554564,1039.1545822179037,454.35084956457985,0.7302071506778975
1,paco_di,P-ACO,direct_index,none,113,33.57362366600137,4262.950000000001,179.46072946588257,8,580451.9421002528,1231.1097260664544,1416.2075714788757,1.0054999978955321
1,paco_di,P-ACO,direct_index,none,114,33.56311741699756,4332.33,149.2738735593582,9,223028.93013667772,1206.5963580703108,497.0877593159808,0.9049428983106157
1,paco_di,P-ACO,direct_index,none,115,33.537710707998485,3579.3300000000004,183.4533211649883,7,580353.041384961,828.1408324549756,965.8367244755023,0.8024166627958239
1,paco_di,P-ACO,direct_index,none,116,33.9381778750103,4444.950000000001,170.78593802255045,12,717595.6048608725,1169.2485244101638,457.5533504475535,0.8723508639489281
1,paco_di,P-ACO,direct_index,none,117,34.11997462500585,3804.9500000000003,247.90376226510833,15,955754.0548572988,820.1637120412256,271.07998700762795,0.6707847193725239
1,paco_di,P-ACO,direct_index,none,118,33.97623070899863,3984.9500000000003,155.74511497469928,7,346736.5920978733,1022.54009406966,561.1268446840409,0.6649247017867559
1,paco_di,P-ACO,direct_index,none,119,33.97401479200926,4552.33,120.5988306340066,7,209634.93107542742,1313.3016143488494,709.371905501505,0.7210365958592337
1,paco_di,P-ACO,direct_index,none,120,33.362856292005745,4994.330000000002,165.08640527535385,10,518538.9719709749,1520.5539762284584,597.2529360142574,0.8385156865776942
1,paco_di,P-ACO,direct_index,none,121,33.366165166997234,4115.950000000001,202.15422530073832,10,529418.0712413661,1024.1650818795615,319.6687503063281,0.6871954050209572
1,paco_di,P-ACO,direct_index,none,122,33.271468499995535,3393.3300000000004,188.32649908584025,11,761932.3330231821,669.2740505691302,449.06076066917564,0.6450947023269539
1,paco_di,P-ACO,direct_index,none,123,33.37365912499081,3825.3300000000004,161.5201036429719,6,329402.7328651323,943.8252577274038,456.6662364510302,0.5967791662319225
1,paco_di,P-ACO,direct_index,none,124,33.33962129200518,4948.33,114.36667753360167,7,854175.6070148578,1509.9599055946094,586.2440822239686,0.6682620598905269
1,paco_di,P-ACO,direct_index,none,125,33.35267541599751,4414.950000000001,186.95519843347944,14,473114.1065863168,1156.5375798079933,186.30803719051764,0.6960972526213662
1,paco_di,P-ACO,direct_index,none,126,33.39422329199442,4264.33,178.23807256359953,13,413314.12783469306,1097.152497926283,275.3961976268186,0.7918003123673213
1,paco_di,P-ACO,direct_index,none,127,33.3037258330005,4383.33,198.42199128247537,9,215388.85852816416,1381.0599385381308,216.46131272049934,0.9131879021081738
1,paco_di,P-ACO,direct_index,none,128,33.45553179200215,4161.33,193.36853241479974,11,583320.7932060928,1067.9121109367243,316.89456045717776,0.6197929588020225
1,paco_di,P-ACO,direct_index,none,129,33.42863424999814,4295.950000000001,195.2548782303772,12,419185.38110525976,1146.1817017692922,280.4858442590807,0.8053969921701672
2,nsga2_di_repair,NSGA-II,direct_index,repair,100,1.394706542007043,1317.2499999999995,167.2817823589546,80,1028362.5999242227,224.5177578961342,117.77727007144637,0.91773482171061
2,nsga2_di_repair,NSGA-II,direct_index,repair,101,1.4098802080116002,900.2499999999995,185.93135454894488,80,1360747.8427991685,106.4025959580372,153.1603689247073,0.9118527422691046
2,nsga2_di_repair,NSGA-II,direct_index,repair,102,1.3832376670034137,922.2499999999995,156.92229904840937,80,818183.1325733055,113.22295591719374,120.71882948257903,0.9252887158083271
2,nsga2_di_repair,NSGA-II,direct_index,repair,103,1.4074706660030643,944.5499999999997,257.0808998427441,80,1619753.8450137158,125.29918620794476,116.70169609323207,0.8065021394568271
2,nsga2_di_repair,NSGA-II,direct_index,repair,104,1.412644875003025,1073.85,113.73396459680353,80,1200008.3483726957,137.80697594210847,123.51833406897329,0.8636617858577962
2,nsga2_di_repair,NSGA-II,direct_index,repair,105,1.4007859580015065,1205.9499999999994,189.4361777274958,80,1033404.0601059936,190.62411207936535,80.78551368549321,0.8097931271417317
2,nsga2_di_repair,NSGA-II,direct_index,repair,106,1.4095446249993984,1209.5499999999997,256.4927061912151,80,1988986.6286343844,193.92531098748617,196.16524575668655,0.9451723282485651
2,nsga2_di_repair,NSGA-II,direct_index,repair,107,1.3806488749978598,807.8499999999999,209.30529742433887,80,1572324.5585782672,90.51944690982504,153.9224385519236,0.9108070527593606
2,nsga2_di_repair,NSGA-II,direct_index,repair,108,1.4138097910035867,867.2499999999995,202.0822985189946,80,1851799.8443732758,105.97785112385527,170.90463381097413,0.9332435558110538
2,nsga2_di_repair,NSGA-II,direct_index,repair,109,1.3941178750101244,959.5499999999997,215.31410248222411,80,1627123.3342439113,127.23818787983927,176.54888244203642,0.91287910630068
2,nsga2_di_repair,NSGA-II,direct_index,repair,110,1.3879337919934187,808.5499999999997,191.54020369172554,80,955104.666234479,106.67407732339093,100.50261548322563,0.8298127685362322
2,nsga2_di_repair,NSGA-II,direct_index,repair,111,1.385132875002455,899.8499999999999,151.5982903600263,80,1153881.2433754203,100.75134888157667,153.60997188123332,0.8876170759386683
2,nsga2_di_repair,NSGA-II,direct_index,repair,112,1.4005203749984503,1111.85,149.86206241389172,80,643801.561435334,148.96752234684428,85.32809741114608,0.7895168674234759
2,nsga2_di_repair,NSGA-II,direct_index,repair,113,1.4008354999969015,1109.5499999999997,164.63054791779606,80,570299.14675383,160.26242918710616,71.99763138567945,0.7290084029002791
2,nsga2_di_repair,NSGA-II,direct_index,repair,114,1.3978462499944726,930.5499999999997,214.8486386272972,80,1611046.9234491575,127.79966404653979,152.12668161828057,0.8630402496520609
2,nsga2_di_repair,NSGA-II,direct_index,repair,115,1.4054689580079867,915.5499999999997,152.08510249353128,80,1314870.1839341961,110.74494279879998,112.54708548552033,0.8627471448607049
2,nsga2_di_repair,NSGA-II,direct_index,repair,116,1.3969755419966532,1040.5499999999997,158.47401345785528,80,884429.6835872197,135.41564366558964,78.92965899058407,0.8018316608613733
2,nsga2_di_repair,NSGA-II,direct_index,repair,117,1.4332194999878993,1282.2499999999995,148.32725678986344,80,1633754.1670529095,258.88882239521365,122.07641765504187,0.8579981399408486
2,nsga2_di_repair,NSGA-II,direct_index,repair,118,1.4083738750050543,577.8499999999999,181.11639698186553,80,1374214.8601190944,74.13199166830063,163.67276680369986,0.9396026803707
2,nsga2_di_repair,NSGA-II,direct_index,repair,119,1.4023170000000391,975.2499999999995,160.02804588696728,80,1035276.2198981652,128.217418804035,103.52444297244914,0.8288467698632521
2,nsga2_di_repair,NSGA-II,direct_index,repair,120,1.4024552920018323,726.5499999999997,206.98193296443446,80,1472931.9999679339,78.20811529643004,272.33731082185926,0.931397495301997
2,nsga2_di_repair,NSGA-II,direct_index,repair,121,1.373314999989816,1216.2499999999995,114.93093422215424,80,834241.9531371631,186.80787172246494,86.10944050297378,0.7945361430763359
2,nsga2_di_repair,NSGA-II,direct_index,repair,122,1.4016529579967028,949.5499999999997,125.61103511725602,80,864745.8535419133,108.89858217120064,101.5897384146676,0.8354041694852553
2,nsga2_di_repair,NSGA-II,direct_index,repair,123,1.3830650410091039,975.9499999999994,164.49406041133466,80,704035.1607007196,116.17147461388008,90.09795221648747,0.848403107784362
2,nsga2_di_repair,NSGA-II,direct_index,repair,124,1.3968019580061082,781.9499999999994,230.36357928803432,80,670063.9298110428,115.36989982267912,47.0644201249877,0.6764956988386612
2,nsga2_di_repair,NSGA-II,direct_index,repair,125,1.4071769589936594,595.5499999999997,188.09212142913498,80,1349902.3928129526,69.47510708890593,187.86720356871507,0.9083174670033505
2,nsga2_di_repair,NSGA-II,direct_index,repair,126,1.4093520829919726,1076.2499999999995,192.86443699236014,80,1200600.4006388087,151.35799794594374,188.00893024424695,0.8849720481127572
2,nsga2_di_repair,NSGA-II,direct_index,repair,127,1.3851284590055002,1070.85,156.12337923455317,80,820539.5595333409,145.31757495197786,111.38621305012643,0.8413419129373423
2,nsga2_di_repair,NSGA-II,direct_index,repair,128,1.4269364579959074,1080.85,219.3821862653637,80,1153952.1104385755,160.2128811329412,80.94916797962347,0.8202904129335129
2,nsga2_di_repair,NSGA-II,direct_index,repair,129,1.3989320420078002,889.2499999999995,222.9756227429976,80,1021254.7777865841,114.03120382077908,56.76278008006689,0.7332608247092547
2,nsga2_rk_repair,NSGA-II,random_key,repair,100,1.4795195420010714,864.4500000000003,248.3326723232439,80,1808210.7901429085,108.48724055640167,186.5241395177776,0.9177383526941453
2,nsga2_rk_repair,NSGA-II,random_key,repair,101,1.486169833005988,879.5499999999997,246.40751138770997,80,1425450.0585020725,108.6911383284645,117.11991694063647,0.8627830338853276
2,nsga2_rk_repair,NSGA-II,random_key,repair,102,1.4958822500047972,388.24999999999955,180.4533099956684,80,1591934.8780046136,57.151797509924954,154.58003641757992,0.9253633161189267
2,nsga2_rk_repair,NSGA-II,random_key,repair,103,1.4735131659981562,669.8499999999999,150.29502495358466,80,966600.4282566544,52.92221736813549,118.6086326010232,0.7634558675401879
2,nsga2_rk_repair,NSGA-II,random_key,repair,104,1.4749203749961453,827.5499999999997,204.53220516335077,80,1402511.7930438735,86.19348507024553,112.66656127118412,0.8204957601408537
2,nsga2_rk_repair,NSGA-II,random_key,repair,105,1.4698548339947592,798.1500000000001,145.548249599479,80,1560986.1550516812,78.2564619285837,269.76053063585505,0.9961479321762319
2,nsga2_rk_repair,NSGA-II,random_key,repair,106,1.4933254589996068,875.2499999999995,193.6256524665534,80,1459485.995332438,103.3628875137167,169.30733810895,0.8295834426907327
2,nsga2_rk_repair,NSGA-II,random_key,repair,107,1.515647958003683,762.5499999999997,155.3994597914192,80,698454.976314943,76.90196650128136,79.33334670511886,0.8011260906007284
2,nsga2_rk_repair,NSGA-II,random_key,repair,108,1.4923923329915851,871.5499999999997,229.39353401371068,80,1775507.8813080625,103.70803523850542,142.90324936072764,0.9205674467225636
2,nsga2_rk_repair,NSGA-II,random_key,repair,109,1.4706129590049386,686.2499999999995,186.36779516036097,80,970798.4415680593,56.963828854519704,99.4391900061576,0.8932019777619432
2,nsga2_rk_repair,NSGA-II,random_key,repair,110,1.4922529159957776,1072.2499999999995,176.7889526445478,80,832554.4449232433,142.7667666510274,78.66228053910521,0.8111714689253742
2,nsga2_rk_repair,NSGA-II,random_key,repair,111,1.460102541008382,805.5499999999997,154.13240467196184,80,1449488.1550880128,68.70270873464682,169.76714585029973,0.8840190449923236
2,nsga2_rk_repair,NSGA-II,random_key,repair,112,1.4849006250005914,1114.5499999999997,246.46297722054294,80,1272917.05866038,167.32873344609877,125.21173293006235,0.8941993068306284
2,nsga2_rk_repair,NSGA-II,random_key,repair,113,1.474177124997368,389.1500000000001,150.81469257044697,80,966772.5593364921,65.10998976816961,143.9174522022988,0.8716345645069382
2,nsga2_rk_repair,NSGA-II,random_key,repair,114,1.4940171249909326,921.5499999999997,124.47106555981422,80,1309195.7290006957,92.66415951583554,88.95373223501343,0.7740340180924367
2,nsga2_rk_repair,NSGA-II,random_key,repair,115,1.4834845000004862,432.24999999999955,185.98625564855124,80,1382989.7721644826,41.61207214299955,118.20928241379953,0.8743792648502574
2,nsga2_rk_repair,NSGA-II,random_key,repair,116,1.4763626249914523,633.1500000000001,150.41806004232436,80,1468792.5546065457,87.27771675780019,140.78442037757168,0.9027990924844524
2,nsga2_rk_repair,NSGA-II,random_key,repair,117,1.4779867920005927,759.5499999999997,129.54877186244732,80,770249.8931018304,64.60512859621088,68.13169678442817,0.7825470134987528
2,nsga2_rk_repair,NSGA-II,random_key,repair,118,1.461679041996831,933.8499999999999,122.98750436502105,80,1237740.559012112,99.18329981700371,143.1067725001539,0.9430007410684321
2,nsga2_rk_repair,NSGA-II,random_key,repair,119,1.4742311669979244,704.5499999999997,178.71484173740146,80,2079144.6561116907,78.24894449866616,202.055146555932,0.9060137350467105
2,nsga2_rk_repair,NSGA-II,random_key,repair,120,1.506118624994997,797.8499999999999,220.50089473725717,80,1234795.5401459155,104.28679346418014,126.25172359032527,0.8724038671436879
2,nsga2_rk_repair,NSGA-II,random_key,repair,121,1.4833354580041487,656.1500000000001,140.69594668149793,80,957431.6878226772,60.56889575573153,168.53644161722394,0.9088589539792615
2,nsga2_rk_repair,NSGA-II,random_key,repair,122,1.487891208002111,686.2499999999995,139.28367409627222,80,1370849.8124940544,76.77815486045506,124.17171800016787,0.8593800580102938
2,nsga2_rk_repair,NSGA-II,random_key,repair,123,1.4884001250029542,496.5499999999997,157.64322335600662,80,1310527.6419700664,81.61625313444155,176.62113390603253,1.036996866123545
2,nsga2_rk_repair,NSGA-II,random_key,repair,124,1.4537488750065677,751.5499999999997,136.2291969935542,80,886529.8424661347,70.67574062479996,159.83351367582986,0.8527992703659948
2,nsga2_rk_repair,NSGA-II,random_key,repair,125,1.4930479579925304,619.1500000000001,162.130224465881,80,1177689.8323422093,68.17203128110411,158.28661018330493,0.9513266271652246
2,nsga2_rk_repair,NSGA-II,random_key,repair,126,1.4538338749989634,582.5499999999997,136.11212664394253,80,1065352.9498310797,75.08905825754826,181.87294153319704,0.9266791738368938
2,nsga2_rk_repair,NSGA-II,random_key,repair,127,1.4646752919943538,1092.2499999999995,171.3239014494032,80,717212.5579989431,151.82507818810828,123.88558168286123,0.9096612635400445
2,nsga2_rk_repair,NSGA-II,random_key,repair,128,1.4797846250003204,1128.2499999999995,158.39013852606774,80,1030591.2435799586,160.25386485684467,97.51318404455628,0.8252144378196812
2,nsga2_rk_repair,NSGA-II,random_key,repair,129,1.5089839160064002,979.5499999999997,168.86548977469374,80,1139138.5898768236,125.18687743258648,105.66091453189462,0.8268591568072631
2,nsga2_di_penalty,NSGA-II,direct_index,penalty,100,2.675829749990953,1317.2499999999995,167.2817823589546,80,1028362.5999242227,224.5177578961342,117.77727007144637,0.91773482171061
2,nsga2_di_penalty,NSGA-II,direct_index,penalty,101,2.7558124579954892,900.2499999999995,185.93135454894488,80,1360747.8427991685,106.4025959580372,153.1603689247073,0.9118527422691046
2,nsga2_di_penalty,NSGA-II,direct_index,penalty,102,2.7311639159888728,922.2499999999995,156.92229904840937,80,818183.1325733055,113.22295591719374,120.71882948257903,0.9252887158083271
2,nsga2_di_penalty,NSGA-II,direct_index,penalty,103,2.8183261660014978,944.5499999999997,257.0808998427441,80,1619753.8450137158,125.29918620794476,116.70169609323207,0.8065021394568271
2,nsga2_di_penalty,NSGA-II,direct_index,penalty,104,2.723091124993516,1073.85,113.73396459680353,80,1200008.3483726957,137.80697594210847,123.51833406897329,0.8636617858577962
2,nsga2_di_penalty,NSGA-II,direct_index,penalty,105,2.7607891250081593,1205.9499999999994,189.4361777274958,80,1033404.0601059936,190.62411207936535,80.78551368549321,0.8097931271417317
2,nsga2_di_penalty,NSGA-II,direct_index,penalty,106,2.7922863329877146,1209.5499999999997,256.4927061912151,80,1988986.6286343844,193.92531098748617,196.16524575668655,0.9451723282485651
2,nsga2_di_penalty,NSGA-II,direct_index,penalty,107,2.7444856249931036,807.8499999999999,209.30529742433887,80,1572324.5585782672,90.51944690982504,153.9224385519236,0.9108070527593606
2,nsga2_di_penalty,NSGA-II,direct_index,penalty,108,2.707616790998145,867.2499999999995,202.0822985189946,80,1851799.8443732758,105.97785112385527,170.90463381097413,0.9332435558110538
2,nsga2_di_penalty,NSGA-II,direct_index,penalty,109,2.678423417004524,959.5499999999997,215.31410248222411,80,1627123.3342439113,127.23818787983927,176.54888244203642,0.91287910630068
2,nsga2_di_penalty,NSGA-II,direct_index,penalty,110,2.7229034589981893,808.5499999999997,191.54020369172554,80,955104.666234479,106.67407732339093,100.50261548322563,0.8298127685362322
2,nsga2_di_penalty,NSGA-II,direct_index,penalty,111,2.7553593330085278,899.8499999999999,151.5982903600263,80,1153881.2433754203,100.75134888157667,153.60997188123332,0.8876170759386683
2,nsga2_di_penalty,NSGA-II,direct_index,penalty,112,2.710389416999533,1111.85,149.86206241389172,80,643801.561435334,148.96752234684428,85.32809741114608,0.7895168674234759
2,nsga2_di_penalty,NSGA-II,direct_index,penalty,113,2.734464000008302,1109.5499999999997,164.63054791779606,80,570299.14675383,160.26242918710616,71.99763138567945,0.7290084029002791
2,nsga2_di_penalty,NSGA-II,direct_index,penalty,114,2.725972833010019,930.5499999999997,214.8486386272972,80,1611046.9234491575,127.79966404653979,152.12668161828057,0.8630402496520609
2,nsga2_di_penalty,NSGA-II,direct_index,penalty,115,2.7498192500061123,915.5499999999997,152.08510249353128,80,1314870.1839341961,110.74494279879998,112.54708548552033,0.8627471448607049
2,nsga2_di_penalty,NSGA-II,direct_index,penalty,116,2.75619587500114,1040.5499999999997,158.47401345785528,80,884429.6835872197,135.41564366558964,78.92965899058407,0.8018316608613733
2,nsga2_di_penalty,NSGA-II,direct_index,penalty,117,2.7408387499890523,1282.2499999999995,148.32725678986344,80,1633754.1670529095,258.88882239521365,122.07641765504187,0.8579981399408486
2,nsga2_di_penalty,NSGA-II,direct_index,penalty,118,2.7119961669959594,577.8499999999999,181.11639698186553,80,1374214.8601190944,74.13199166830063,163.67276680369986,0.9396026803707
2,nsga2_di_penalty,NSGA-II,direct_index,penalty,119,2.7462910409958567,975.2499999999995,160.02804588696728,80,1035276.2198981652,128.217418804035,103.52444297244914,0.8288467698632521
2,nsga2_di_penalty,NSGA-II,direct_index,penalty,120,2.7267841669963673,726.5499999999997,206.98193296443446,80,1472931.9999679339,78.20811529643004,272.33731082185926,0.931397495301997
2,nsga2_di_penalty,NSGA-II,direct_index,penalty,121,2.743047458003275,1216.2499999999995,114.93093422215424,80,834241.9531371631,186.80787172246494,86.10944050297378,0.7945361430763359
2,nsga2_di_penalty,NSGA-II,direct_index,penalty,122,2.740754417012795,949.5499999999997,125.61103511725602,80,864745.8535419133,108.89858217120064,101.5897384146676,0.8354041694852553
2,nsga2_di_penalty,NSGA-II,direct_index,penalty,123,2.6736180830048397,975.9499999999994,164.49406041133466,80,704035.1607007196,116.17147461388008,90.09795221648747,0.848403107784362
2,nsga2_di_penalty,NSGA-II,direct_index,penalty,124,2.7223836249904707,781.9499999999994,230.36357928803432,80,670063.9298110428,115.36989982267912,47.0644201249877,0.6764956988386612
2,nsga2_di_penalty,NSGA-II,direct_index,penalty,125,2.656438916004845,595.5499999999997,188.09212142913498,80,1349902.3928129526,69.47510708890593,187.86720356871507,0.9083174670033505
2,nsga2_di_penalty,NSGA-II,direct_index,penalty,126,2.774438166001346,1076.2499999999995,192.86443699236014,80,1200600.4006388087,151.35799794594374,188.00893024424695,0.8849720481127572
2,nsga2_di_penalty,NSGA-II,direct_index,penalty,127,2.739616291000857,1070.85,156.12337923455317,80,820539.5595333409,145.31757495197786,111.38621305012643,0.8413419129373423
2,nsga2_di_penalty,NSGA-II,direct_index,penalty,128,2.7854552089993376,1080.85,219.3821862653637,80,1153952.1104385755,160.2128811329412,80.94916797962347,0.8202904129335129
2,nsga2_di_penalty,NSGA-II,direct_index,penalty,129,2.7690646669943817,889.2499999999995,222.9756227429976,80,1021254.7777865841,114.03120382077908,56.76278008006689,0.7332608247092547
2,nsga2_di_death,NSGA-II,direct_index,death_penalty,100,2.6692164999985835,1317.2499999999995,167.2817823589546,80,1028362.5999242227,224.5177578961342,117.77727007144637,0.91773482171061
2,nsga2_di_death,NSGA-II,direct_index,death_penalty,101,2.76338004200079,900.2499999999995,185.93135454894488,80,1360747.8427991685,106.4025959580372,153.1603689247073,0.9118527422691046
2,nsga2_di_death,NSGA-II,direct_index,death_penalty,102,2.693836000005831,922.2499999999995,156.92229904840937,80,818183.1325733055,113.22295591719374,120.71882948257903,0.9252887158083271
2,nsga2_di_death,NSGA-II,direct_index,death_penalty,103,2.786929207999492,944.5499999999997,257.0808998427441,80,1619753.8450137158,125.29918620794476,116.70169609323207,0.8065021394568271
2,nsga2_di_death,NSGA-II,direct_index,death_penalty,104,2.7273990829999093,1073.85,113.73396459680353,80,1200008.3483726957,137.80697594210847,123.51833406897329,0.8636617858577962
2,nsga2_di_death,NSGA-II,direct_index,death_penalty,105,2.7654193330090493,1205.9499999999994,189.4361777274958,80,1033404.0601059936,190.62411207936535,80.78551368549321,0.8097931271417317
2,nsga2_di_death,NSGA-II,direct_index,death_penalty,106,2.791958750007325,1209.5499999999997,256.4927061912151,80,1988986.6286343844,193.92531098748617,196.16524575668655,0.9451723282485651
2,nsga2_di_death,NSGA-II,direct_index,death_penalty,107,2.7147655000007944,807.8499999999999,209.30529742433887,80,1572324.5585782672,90.51944690982504,153.9224385519236,0.9108070527593606
2,nsga2_di_death,NSGA-II,direct_index,death_penalty,108,2.7083158329915022,867.2499999999995,202.0822985189946,80,1851799.8443732758,105.97785112385527,170.90463381097413,0.9332435558110538
2,nsga2_di_death,NSGA-II,direct_index,death_penalty,109,2.7210275839897804,959.5499999999997,215.31410248222411,80,1627123.3342439113,127.23818787983927,176.54888244203642,0.91287910630068
2,nsga2_di_death,NSGA-II,direct_index,death_penalty,110,2.719569875000161,808.5499999999997,191.54020369172554,80,955104.666234479,106.67407732339093,100.50261548322563,0.8298127685362322
2,nsga2_di_death,NSGA-II,direct_index,death_penalty,111,2.7126363330025924,899.8499999999999,151.5982903600263,80,1153881.2433754203,100.75134888157667,153.60997188123332,0.8876170759386683
2,nsga2_di_death,NSGA-II,direct_index,death_penalty,112,2.6851156659977278,1111.85,149.86206241389172,80,643801.561435334,148.96752234684428,85.32809741114608,0.7895168674234759
2,nsga2_di_death,NSGA-II,direct_index,death_penalty,113,2.7236006669991184,1109.5499999999997,164.63054791779606,80,570299.14675383,160.26242918710616,71.99763138567945,0.7290084029002791
2,nsga2_di_death,NSGA-II,direct_index,death_penalty,114,2.756742708006641,930.5499999999997,214.8486386272972,80,1611046.9234491575,127.79966404653979,152.12668161828057,0.8630402496520609
2,nsga2_di_death,NSGA-II,direct_index,death_penalty,115,2.750049124995712,915.5499999999997,152.08510249353128,80,1314870.1839341961,110.74494279879998,112.54708548552033,0.8627471448607049
2,nsga2_di_death,NSGA-II,direct_index,death_penalty,116,2.765043458013679,1040.5499999999997,158.47401345785528,80,884429.6835872197,135.41564366558964,78.92965899058407,0.8018316608613733
2,nsga2_di_death,NSGA-II,direct_index,death_penalty,117,2.77044854099222,1282.2499999999995,148.32725678986344,80,1633754.1670529095,258.88882239521365,122.07641765504187,0.8579981399408486
2,nsga2_di_death,NSGA-II,direct_index,death_penalty,118,2.6798939160071313,577.8499999999999,181.11639698186553,80,1374214.8601190944,74.13199166830063,163.67276680369986,0.9396026803707
2,nsga2_di_death,NSGA-II,direct_index,death_penalty,119,2.6874712909921072,975.2499999999995,160.02804588696728,80,1035276.2198981652,128.217418804035,103.52444297244914,0.8288467698632521
2,nsga2_di_death,NSGA-II,direct_index,death_penalty,120,2.687571000002208,726.5499999999997,206.98193296443446,80,1472931.9999679339,78.20811529643004,272.33731082185926,0.931397495301997
2,nsga2_di_death,NSGA-II,direct_index,death_penalty,121,2.7174179580033524,1216.2499999999995,114.93093422215424,80,834241.9531371631,186.80787172246494,86.10944050297378,0.7945361430763359
2,nsga2_di_death,NSGA-II,direct_index,death_penalty,122,2.7626634589978494,949.5499999999997,125.61103511725602,80,864745.8535419133,108.89858217120064,101.5897384146676,0.8354041694852553
2,nsga2_di_death,NSGA-II,direct_index,death_penalty,123,2.66376162499364,975.9499999999994,164.49406041133466,80,704035.1607007196,116.17147461388008,90.09795221648747,0.848403107784362
2,nsga2_di_death,NSGA-II,direct_index,death_penalty,124,2.7169114999996964,781.9499999999994,230.36357928803432,80,670063.9298110428,115.36989982267912,47.0644201249877,0.6764956988386612
2,nsga2_di_death,NSGA-II,direct_index,death_penalty,125,2.670122875002562,595.5499999999997,188.09212142913498,80,1349902.3928129526,69.47510708890593,187.86720356871507,0.9083174670033505
2,nsga2_di_death,NSGA-II,direct_index,death_penalty,126,2.7332398330036085,1076.2499999999995,192.86443699236014,80,1200600.4006388087,151.35799794594374,188.00893024424695,0.8849720481127572
2,nsga2_di_death,NSGA-II,direct_index,death_penalty,127,2.68540462499368,1070.85,156.12337923455317,80,820539.5595333409,145.31757495197786,111.38621305012643,0.8413419129373423
2,nsga2_di_death,NSGA-II,direct_index,death_penalty,128,2.7637188749940833,1080.85,219.3821862653637,80,1153952.1104385755,160.2128811329412,80.94916797962347,0.8202904129335129
2,nsga2_di_death,NSGA-II,direct_index,death_penalty,129,2.7649797089979984,889.2499999999995,222.9756227429976,80,1021254.7777865841,114.03120382077908,56.76278008006689,0.7332608247092547
2,paes_di_repair,PAES,direct_index,repair,100,1.9175733750016661,2718.9499999999994,108.97289252977356,40,471477.42085677903,850.5664423299831,88.61459910238015,0.8811842791712812
2,paes_di_repair,PAES,direct_index,repair,101,1.8976682919892482,1775.85,146.90920751705013,33,1176150.6343524572,382.0474995224943,126.15147916046624,0.8506219019612771
2,paes_di_repair,PAES,direct_index,repair,102,1.9625572079967242,1275.2499999999995,158.69189228009532,40,786041.8892074933,227.0814876545695,124.99096321437689,0.9057256586783091
2,paes_di_repair,PAES,direct_index,repair,103,1.9735058750084136,1663.5499999999997,162.9622391182133,40,563959.7999129099,364.33063814230275,119.04802653924057,0.7924998630748314
2,paes_di_repair,PAES,direct_index,repair,104,1.9784708340012003,1777.5499999999997,150.72284517086413,40,278220.2625209527,418.02371530148014,133.0780621718271,1.153107074919769
2,paes_di_repair,PAES,direct_index,repair,105,1.8345552499959012,1734.2499999999995,127.46652498376025,31,423212.3425693725,357.4335351042709,120.33908204734647,0.8120108627700802
2,paes_di_repair,PAES,direct_index,repair,106,2.0970395839976845,1355.5499999999997,143.9303071582559,40,345573.4823832088,299.2886205466566,183.6228682642878,1.1599318491054624
2,paes_di_repair,PAES,direct_index,repair,107,2.0345307090028655,1939.2499999999995,143.05466539367046,40,441651.8555351645,465.3549115122901,216.9833135438058,1.0474461390136842
2,paes_di_repair,PAES,direct_index,repair,108,1.9707095829944592,2093.2499999999995,140.24552903294804,40,321132.0682602088,555.3863854807147,191.20878043428056,1.0448244435626726
2,paes_di_repair,PAES,direct_index,repair,109,1.9514429999981076,2110.2499999999995,142.29004557072676,40,520674.9270541924,537.0773827408609,103.65311122307357,0.9864294227337987
2,paes_di_repair,PAES,direct_index,repair,110,1.9988810000068042,1862.9499999999994,156.68232649674934,40,615713.0313222179,417.9012437140397,270.65195892955984,1.0560378541237967
2,paes_di_repair,PAES,direct_index,repair,111,2.0348583750019316,1456.2499999999995,153.7342459413891,40,658124.2948715826,273.49752261622194,223.8631257240534,0.9734698581749553
2,paes_di_repair,PAES,direct_index,repair,112,1.9738966659933794,2237.2499999999995,102.60284087569092,40,430289.12109912455,593.0500526779758,109.97671250927957,1.0067175996197917
2,paes_di_repair,PAES,direct_index,repair,113,1.929134999998496,1618.2499999999995,119.38034648898285,40,312120.06614287035,360.5743573122144,267.000902397696,1.1992278816559951
2,paes_di_repair,PAES,direct_index,repair,114,1.8502224999974715,1204.5499999999997,115.42472505258336,40,352633.153032159,232.23426359789278,314.99367573160976,1.15229345227766
2,paes_di_repair,PAES,direct_index,repair,115,1.9751392500038492,1646.9499999999994,115.59124584214496,40,555858.3060731738,335.26863147872376,228.5397916887195,1.0246466391087263
2,paes_di_repair,PAES,direct_index,repair,116,1.8562068750034086,1557.9499999999994,130.23446657447928,40,184488.44382193705,507.3282240683128,71.44203414418374,1.127542868241708
2,paes_di_repair,PAES,direct_index,repair,117,2.1083173749939306,2340.2499999999995,115.0307258295057,40,503767.4908289456,652.0870228730637,418.71655285365324,1.1787778378148708
2,paes_di_repair,PAES,direct_index,repair,118,1.9996052500064252,1521.2499999999995,159.03784249494507,40,658777.0523191672,312.68075865018477,112.52624142983088,0.8058419637857137
2,paes_di_repair,PAES,direct_index,repair,119,2.088246415994945,1909.85,118.90599972297679,40,216054.5588604953,458.3000475893008,156.8126318465953,1.0732600641572503
2,paes_di_repair,PAES,direct_index,repair,120,2.0571436659956817,1057.85,125.57232354474553,40,512277.6741547737,203.53388012872267,597.5961303692131,1.25476297125583
2,paes_di_repair,PAES,direct_index,repair,121,2.0109621660085395,1205.2499999999995,115.05937869551332,40,515698.06993478636,204.532368051667,167.0400287875556,1.0930765201505084
2,paes_di_repair,PAES,direct_index,repair,122,1.970101541999611,1826.5499999999997,132.2348454957209,40,539865.9615664745,400.7079861236999,536.1061039193962,1.0976321213177984
2,paes_di_repair,PAES,direct_index,repair,123,1.9828138750017388,1218.4500000000003,129.68272120908557,40,509469.7657002908,252.31589062232584,407.7240711775994,1.2180958390584478
2,paes_di_repair,PAES,direct_index,repair,124,1.9917163750069449,1071.85,128.1318215728283,40,270874.2818627217,204.15608565353318,197.5444475241582,1.2461611092786646
2,paes_di_repair,PAES,direct_index,repair,125,2.0172997909976402,1486.9499999999994,119.25081123344299,40,777034.5598033591,296.4270045011276,226.0291887780161,0.8274653625811502
2,paes_di_repair,PAES,direct_index,repair,126,1.9097900000051595,1259.5499999999997,140.45304782313218,40,399379.43180831237,218.07329768801026,153.9274244737365,1.0572433923706548
2,paes_di_repair,PAES,direct_index,repair,127,2.0086162500083447,995.8499999999999,135.87887016298248,40,317011.15945839975,147.30414552665795,181.42403115531908,0.968720691334897
2,paes_di_repair,PAES,direct_index,repair,128,1.976324957999168,1810.2499999999995,121.20324032687824,37,597556.0176926537,406.7922165200334,205.15978836694373,0.9358863538291862
2,paes_di_repair,PAES,direct_index,repair,129,1.954254416996264,1634.5499999999997,103.89738469123563,40,320840.2145604708,322.4036793467101,195.02584286191387,1.1021921866481876
2,mopso_rk,MOPSO,random_key,none,100,0.37805425000260584,1989.2499999999995,212.20847932560963,9,366875.7785833017,530.028405837771,206.3112971156677,0.7165095455626481
2,mopso_rk,MOPSO,random_key,none,101,0.3579694169893628,2307.9499999999994,156.5586417865521,14,84250.04119379293,763.6940221563701,70.29241743202957,0.908109405504975
2,mopso_rk,MOPSO,random_key,none,102,0.36719950000406243,1955.2499999999995,170.3960494888734,11,307990.32812208775,479.1703154988181,264.0391031645899,0.7650685830780872
2,mopso_rk,MOPSO,random_key,none,103,0.3541442499990808,2834.2499999999995,138.7817783478716,11,181525.50697721602,970.550475903192,293.60742754456714,0.8546450598513937
2,mopso_rk,MOPSO,random_key,none,104,0.36292929200863,1962.2499999999995,228.87276017395794,9,372321.989185009,537.312832964243,315.0824239489927,0.8086233794207954
2,mopso_rk,MOPSO,random_key,none,105,0.37979787500808015,1797.5499999999997,257.54923606198696,34,707316.2282255153,511.1423883848067,220.8738348767725,1.117759886090917
2,mopso_rk,MOPSO,random_key,none,106,0.36945275000471156,1657.5499999999997,172.77306184560015,10,194056.81384997774,499.82363543554334,290.1873827750364,0.9353242755727723
2,mopso_rk,MOPSO,random_key,none,107,0.3639106669870671,1767.5499999999997,243.13601972579607,11,364060.386854332,458.38104006767384,174.0895238434161,0.8000091234116654
2,mopso_rk,MOPSO,random_key,none,108,0.3558046249963809,2031.5499999999997,161.80224870160865,12,246698.434472976,517.9412886055543,271.39456902902486,0.7283516161464648
2,mopso_rk,MOPSO,random_key,none,109,0.36060595799062867,1181.5499999999997,180.9378544236468,13,484785.101267463,335.23348294589204,613.6248990396509,0.9258282541184581
2,mopso_rk,MOPSO,random_key,none,110,0.37504808300582226,1943.9499999999994,178.32417420945416,13,480162.0161998238,505.8393815349728,415.8860390839206,0.7282595085997973
2,mopso_rk,MOPSO,random_key,none,111,0.3559878329979256,2154.9499999999994,140.93608819748036,8,240952.3720748218,688.4771023879198,523.1437876380123,0.7699849574985163
2,mopso_rk,MOPSO,random_key,none,112,0.35261233399796765,2063.2499999999995,142.59541101910773,14,296095.596980271,523.8735773857206,191.59774703055115,0.7975924863977557
2,mopso_rk,MOPSO,random_key,none,113,0.3723930830019526,2687.5499999999997,195.17667288168428,32,223369.3171281261,878.0972593413314,169.35005641749797,1.1511002207014895
2,mopso_rk,MOPSO,random_key,none,114,0.3702493329910794,2028.2499999999995,177.1792461679144,21,318182.5043484978,549.9493177124085,290.8571142530006,1.0014502424273808
2,mopso_rk,MOPSO,random_key,none,115,0.3582756660034647,1951.85,170.14515453918008,13,251110.12336941474,500.304690577989,312.7265290302835,0.8657448758807729
2,mopso_rk,MOPSO,random_key,none,116,0.35319645900744945,2004.2499999999995,156.63723918677704,7,235738.62598047432,554.1269030848385,360.91400881196546,0.6348100280012922
2,mopso_rk,MOPSO,random_key,none,117,0.3751154170022346,2961.9499999999994,227.14131815533528,15,798694.105958022,1050.6372637246948,313.7714119486903,0.8229024711447794
2,mopso_rk,MOPSO,random_key,none,118,0.38208429199585225,2722.5499999999997,239.45480699056714,39,665739.1534487426,897.5559430703213,225.39121472461397,1.16114370525268
2,mopso_rk,MOPSO,random_key,none,119,0.3614783749944763,1978.2499999999995,195.85975975919428,14,381146.24433086044,515.2556847444755,273.1060016350992,0.8575433161208486
2,mopso_rk,MOPSO,random_key,none,120,0.3680131250002887,3241.2499999999995,156.57609099215776,13,431269.3217314012,1240.3486104321785,521.7729170871299,0.8851119744192202
2,mopso_rk,MOPSO,random_key,none,121,0.36731729199527763,3859.9499999999994,230.851070247757,12,357039.6401182049,1768.6632814829175,88.88947846063756,0.7369697841268039
2,mopso_rk,MOPSO,random_key,none,122,0.3792391249880893,2604.9499999999994,252.72708307884267,16,1384770.8342681169,832.3592528374805,454.4081734986427,0.8088372063740955
2,mopso_rk,MOPSO,random_key,none,123,0.36622879101196304,2196.9499999999994,184.4789775679426,28,268403.3223087616,603.5123276562955,144.74033749774887,1.0144661618988096
2,mopso_rk,MOPSO,random_key,none,124,0.3566278749931371,1862.2499999999995,188.9065434502107,12,605170.0967814616,458.29919381963964,477.03730942928007,0.8201451335737717
2,mopso_rk,MOPSO,random_key,none,125,0.372770624991972,1603.5499999999997,189.7221661808241,10,824592.5599700288,451.15653159433737,1126.668037731849,0.946753793123629
2,mopso_rk,MOPSO,random_key,none,126,0.3670526659989264,2070.2499999999995,199.72611724385274,19,780729.6793478766,593.5942211142401,957.7044703389861,1.1786625562656998
2,mopso_rk,MOPSO,random_key,none,127,0.3523572080011945,1399.9499999999994,189.80835286623375,7,472762.73965380556,387.12001605096646,577.1480646092896,0.683838805474523
2,mopso_rk,MOPSO,random_key,none,128,0.3647629170009168,3060.9499999999994,196.19181911445776,9,375498.55923302,1119.803954870227,318.0266577010445,0.7632835353543368
2,mopso_rk,MOPSO,random_key,none,129,0.36273070899187587,2348.2499999999995,152.91188594695817,22,194910.63899730504,729.4103781427904,257.819418784416,1.1852466440156242
2,paco_di,P-ACO,direct_index,none,100,33.34503087500343,2041.2499999999995,178.51827335606373,10,370865.99810455943,579.8264262073014,434.8015301631116,0.7600129054796484
2,paco_di,P-ACO,direct_index,none,101,33.73433587499312,2317.2499999999995,165.15526846266613,6,435560.37319117197,706.1065821860167,1022.048529205155,0.8048945209096551
2,paco_di,P-ACO,direct_index,none,102,33.47762304201024,2010.5499999999997,199.6055916214585,11,366489.51671454235,567.3872434118612,339.11943036843763,0.8039035684360034
2,paco_di,P-ACO,direct_index,none,103,33.42638183401141,2302.2499999999995,182.61172375365874,12,684385.6628782518,732.0579271977906,591.066200508619,0.8926955006118217
2,paco_di,P-ACO,direct_index,none,104,33.41472587500175,3053.2499999999995,205.80720994251135,12,709696.8856816933,1115.9639046545747,486.402625811323,0.8694230482316623
2,paco_di,P-ACO,direct_index,none,105,33.63813566698809,2529.9499999999994,236.57320929021574,9,938994.6063216615,838.1912871923217,555.5939187902219,0.7593149485429522
2,paco_di,P-ACO,direct_index,none,106,33.44103783299215,2619.9499999999994,188.94499387138896,13,647749.942812495,861.2703172809023,457.9572753533577,0.8272934113866555
2,paco_di,P-ACO,direct_index,none,107,33.61210729199229,3218.9499999999994,183.98551622026278,7,528234.1609883985,1284.889308481015,749.0159416073127,0.8493349781720887
2,paco_di,P-ACO,direct_index,none,108,33.47249641698727,2550.85,220.8446277092312,13,811506.3600536224,811.1287056092399,457.6527621409141,0.8141360539712138
2,paco_di,P-ACO,direct_index,none,109,33.379431374996784,2307.2499999999995,162.89068452927737,8,461199.2224325672,719.4449750292544,444.85531019850197,0.6580021497437847
2,paco_di,P-ACO,direct_index,none,110,33.47593354100536,2168.9499999999994,244.26282510982253,11,1009933.9809661591,637.9454858449664,458.70808503844637,0.7739532264906068
2,paco_di,P-ACO,direct_index,none,111,33.681276999996044,2562.2499999999995,154.08604725715895,11,180568.67305511993,799.5550543948709,273.6667514389838,0.7378009351523632
2,paco_di,P-ACO,direct_index,none,112,33.43562808299612,2818.2499999999995,207.16412347878287,9,734992.5863440783,979.3093748066184,556.6255035120656,0.7941463173512651
2,paco_di,P-ACO,direct_index,none,113,33.41517149998981,3071.2499999999995,219.2020323307588,8,735986.0898612047,1143.6119104699264,608.9768711395691,0.8471951375689222
2,paco_di,P-ACO,direct_index,none,114,33.47988145801355,2745.2499999999995,138.74413703267047,6,196231.97213014375,895.9079635756634,393.7291988757815,0.6644722403806237
2,paco_di,P-ACO,direct_index,none,115,33.60536987500382,2423.2499999999995,266.9895492401699,8,792825.1551704366,771.955937640242,555.0210528082563,0.7867665443393531
2,paco_di,P-ACO,direct_index,none,116,33.432727291990886,1890.5499999999997,223.151349063064,10,476716.2380956239,509.2277976689455,317.58756176532046,0.749687979387504
2,paco_di,P-ACO,direct_index,none,117,33.40323233300296,2049.2499999999995,192.9418281142693,7,527898.2157911808,596.9193319818178,642.6584879947362,0.7413316913474466
2,paco_di,P-ACO,direct_index,none,118,33.525201541997376,2631.2499999999995,146.23959155678986,9,277394.5005317345,831.0498191435179,374.98203150599323,0.7099409647184562
2,paco_di,P-ACO,direct_index,none,119,33.639306625002064,2750.9499999999994,229.56687645351127,13,596733.2818535654,928.941871226882,248.3577708489992,0.801835406349447
2,paco_di,P-ACO,direct_index,none,120,33.41200087500329,2692.5499999999997,218.40926149845106,9,475105.52944736835,900.5826602911978,416.66267871961674,0.8793821340622696
2,paco_di,P-ACO,direct_index,none,121,33.42036183300661,2101.5499999999997,201.31899009762103,10,584546.664751427,645.6735803946717,610.3996271746112,0.8402777103000728
2,paco_di,P-ACO,direct_index,none,122,33.43639295900357,2878.9499999999994,153.1805770159314,8,374245.24115419056,1012.8558170770084,456.87557023291436,0.7206329963568705
2,paco_di,P-ACO,direct_index,none,123,33.59641579200979,2455.9499999999994,163.62141124859554,15,437880.98282305733,815.6775705507761,403.6176530591326,0.8514542675358014
2,paco_di,P-ACO,direct_index,none,124,33.358104999992065,2708.5499999999997,184.63296190240123,12,380330.8419287417,877.7445837879186,317.5797431904862,0.8359970445654358
2,paco_di,P-ACO,direct_index,none,125,33.42695883299166,2619.2499999999995,208.11237493830131,12,897464.6778142672,839.4456084606448,603.0022668635244,0.8358279937877395
2,paco_di,P-ACO,direct_index,none,126,33.44786912499694,2831.2499999999995,187.25340659693487,10,572562.5970050413,958.7122470437346,605.337203300884,0.8256030634487607
2,paco_di,P-ACO,direct_index,none,127,33.62140812499274,2561.2499999999995,236.58635123465518,13,959587.5660112449,860.6429222993825,702.4349813891478,0.9304085377053536
2,paco_di,P-ACO,direct_index,none,128,33.4775167080079,3110.9499999999994,178.50597270238507,11,670734.3856330472,1171.8234944847488,684.0929433515811,0.9079792136925338
2,paco_di,P-ACO,direct_index,none,129,33.50694783301151,2512.2499999999995,154.74825279032325,4,154227.63173198624,798.9489888691775,361.5044986430008,0.5722914307107936
3,nsga2_di_repair,NSGA-II,direct_index,repair,100,1.3894502920011291,3226.880000000001,192.6173827281978,80,1474742.7250338893,328.31102866403404,179.6330861953936,0.9246161900925572
3,nsga2_di_repair,NSGA-II,direct_index,repair,101,1.4125857500039274,2885.2000000000007,246.71071766753852,80,2596348.331284052,223.50307998828984,136.81657192884123,0.836492904041174
3,nsga2_di_repair,NSGA-II,direct_index,repair,102,1.4182657499914058,3178.2000000000007,264.6140929295368,80,1674245.8232712965,388.45976890613963,65.93435636824653,0.7136323593133819
3,nsga2_di_repair,NSGA-II,direct_index,repair,103,1.4340980839915574,3081.2000000000007,216.4617469717603,80,1677657.3808752627,299.8401361181093,158.16870281917602,0.813838955941596
3,nsga2_di_repair,NSGA-II,direct_index,repair,104,1.417950542003382,2414.84,318.6345664513942,80,1860489.292816109,277.8928510611479,133.03215852239433,0.8407042586691713
3,nsga2_di_repair,NSGA-II,direct_index,repair,105,1.420526667003287,3525.2000000000007,169.29915256895745,80,1288571.155245466,449.3357770666282,89.21961260729677,0.8005074671931404
3,nsga2_di_repair,NSGA-II,direct_index,repair,106,1.4289984159986489,2810.5200000000004,294.6412186593325,80,1905071.9478778972,276.28087841076984,123.7582046228034,0.810579901113392
3,nsga2_di_repair,NSGA-II,direct_index,repair,107,1.4306302090117242,3611.2000000000007,183.30814513221205,80,1423924.8452425452,501.17249999196935,97.69100519194048,0.832184243879125
3,nsga2_di_repair,NSGA-II,direct_index,repair,108,1.4379170830070507,2291.2000000000007,294.6350580144995,80,2273878.0616477993,166.54782422350308,158.37066728842032,0.8308927942136695
3,nsga2_di_repair,NSGA-II,direct_index,repair,109,1.4237796669913223,2582.880000000001,214.02584726624346,80,2047024.6011649708,173.94269416248497,131.3214848159171,0.8338113863269315
3,nsga2_di_repair,NSGA-II,direct_index,repair,110,1.4118411250092322,3178.880000000001,172.00101400049962,80,1504161.4209184719,306.90908065131083,131.05989306440694,0.8367980372351443
3,nsga2_di_repair,NSGA-II,direct_index,repair,111,1.44396937500278,1652.4799999999996,370.95976001557904,80,2977498.9728274844,166.28470029882803,104.31678889745014,0.7432503460968242
3,nsga2_di_repair,NSGA-II,direct_index,repair,112,1.42249324999284,3012.880000000001,180.80915194658115,80,2118114.390200575,263.42963754073577,301.9451702629612,0.9020602107212427
3,nsga2_di_repair,NSGA-II,direct_index,repair,113,1.4341922089952277,2898.2000000000007,238.10369148017026,80,2024790.7763719226,244.02959151035867,118.97883128940799,0.7525812322519357
3,nsga2_di_repair,NSGA-II,direct_index,repair,114,1.4282706250087358,3860.2000000000007,207.83376859594117,80,1177827.3275917124,626.0075628543548,101.10663562330774,0.8826874281671049
3,nsga2_di_repair,NSGA-II,direct_index,repair,115,1.41726208300679,3351.880000000001,167.73647419483453,80,1692270.0948187076,433.8375741596867,142.33686849552547,0.9194468209623199
3,nsga2_di_repair,NSGA-II,direct_index,repair,116,1.4308786250039702,3129.5200000000004,228.24438210739032,80,1498115.1122934136,352.624385219404,130.98722746883274,0.8442297715743045
3,nsga2_di_repair,NSGA-II,direct_index,repair,117,1.4330823750060517,4062.880000000001,154.69095291148975,80,1621066.9563988184,666.8864697897504,102.43587860316634,0.8182157687831443
3,nsga2_di_repair,NSGA-II,direct_index,repair,118,1.4021196660032729,3946.2000000000007,162.94420833610042,80,1187117.4647302902,583.2178831513401,141.75951276466316,0.8736490447896643
3,nsga2_di_repair,NSGA-II,direct_index,repair,119,1.3883008749980945,3565.880000000001,163.9323444038119,80,714292.3880569191,531.4232939066925,99.96350808463733,0.9168349807006222
3,nsga2_di_repair,NSGA-II,direct_index,repair,120,1.43696020799689,2655.2000000000007,244.6992107347478,80,1382299.4411349888,277.4448412899626,112.45256083692284,0.8599308232583867
3,nsga2_di_repair,NSGA-II,direct_index,repair,121,1.4253769169881707,2911.5200000000004,204.08908095479197,80,1260379.6073493075,278.173338506832,91.49362467822243,0.7957950986409802
3,nsga2_di_repair,NSGA-II,direct_index,repair,122,1.4073691249941476,3125.2000000000007,285.66038162245263,80,2380757.0657644337,304.09337187912956,227.2279408799702,1.005933993937053
3,nsga2_di_repair,NSGA-II,direct_index,repair,123,1.4161110000131885,3348.5200000000004,200.37453827127496,80,1481831.0330834566,349.0301632433806,150.57660248222896,0.8632996753074182
3,nsga2_di_repair,NSGA-II,direct_index,repair,124,1.390444375007064,3694.880000000001,192.0102409332081,80,1529569.5506830427,498.52369919599727,138.30313195989865,0.8328320036001208
3,nsga2_di_repair,NSGA-II,direct_index,repair,125,1.3965489999973215,3653.2000000000007,169.5973174353373,80,1867041.507865525,459.35327467800033,153.6941642084496,0.8502652007332723
3,nsga2_di_repair,NSGA-II,direct_index,repair,126,1.4049531659984495,3369.2000000000007,168.84940404068138,80,1189893.5758274624,405.8786284733853,72.7958738310812,0.7414082169928055
3,nsga2_di_repair,NSGA-II,direct_index,repair,127,1.4063753749942407,3229.2000000000007,204.052809794754,80,1680394.4250440968,339.57947616760424,114.19322781315881,0.8309084289582239
3,nsga2_di_repair,NSGA-II,direct_index,repair,128,1.4191242090018932,3593.880000000001,173.63669079347858,80,1229716.9430088631,468.7197804232243,101.77997042717459,0.7725324858748839
3,nsga2_di_repair,NSGA-II,direct_index,repair,129,1.4484860419906909,3257.880000000001,217.6339626400954,80,1707729.488339442,360.8881773929262,262.4835667858521,0.9911818679506235
3,nsga2_rk_repair,NSGA-II,random_key,repair,100,1.506808459002059,2845.5200000000004,213.30060836121226,80,1828435.150286639,265.9203286832058,112.28884985899138,0.8713840311359773
3,nsga2_rk_repair,NSGA-II,random_key,repair,101,1.4699592499964638,2673.5200000000004,255.98542393538412,80,1679074.5422055642,250.5205537155259,119.60445332206126,0.8380461632463567
3,nsga2_rk_repair,NSGA-II,random_key,repair,102,1.5035274589899927,2765.5200000000004,168.87276728290124,80,1225799.1950687238,239.89011165676118,155.7523446113596,0.864233849696151
3,nsga2_rk_repair,NSGA-II,random_key,repair,103,1.5145444579975447,2704.2000000000007,240.0647255949546,80,1720679.7237364457,203.61355476092177,100.78905219939574,0.739927448328499
3,nsga2_rk_repair,NSGA-II,random_key,repair,104,1.5005849580047652,2389.880000000001,202.9955509244275,80,2047279.1069047428,178.1493819834592,149.9523933132593,0.8718328025034225
3,nsga2_rk_repair,NSGA-II,random_key,repair,105,1.5158132500073407,2895.880000000001,227.91215452419087,80,1841826.9878478455,229.22222467180765,245.6763337444603,0.839493044429248
3,nsga2_rk_repair,NSGA-II,random_key,repair,106,1.5063349589909194,2702.5200000000004,261.2391757644359,80,1779045.2721148315,256.8164506288984,139.2472682067041,0.8412975838304357
3,nsga2_rk_repair,NSGA-II,random_key,repair,107,1.529702540996368,2560.2000000000007,247.17409162731468,80,1882964.5551198088,208.73843989077795,127.72676208797718,0.8106991686054095
3,nsga2_rk_repair,NSGA-II,random_key,repair,108,1.4819655419996707,2709.2000000000007,165.98568227735487,80,2328808.626790821,196.8159031173008,266.865680505486,1.0019087220879528
3,nsga2_rk_repair,NSGA-II,random_key,repair,109,1.4887226659920998,2626.2000000000007,184.94816313935274,80,1685351.651543877,181.70245008821283,262.39229164436193,0.8650105087599401
3,nsga2_rk_repair,NSGA-II,random_key,repair,110,1.486253958006273,2817.2000000000007,195.78125376407235,80,1746713.9856529587,322.358089437935,116.85383991400609,0.8860332091588474
3,nsga2_rk_repair,NSGA-II,random_key,repair,111,1.50884604199382,2426.2000000000007,245.911566319116,80,2433985.62965209,220.19467042310606,112.89944855981435,0.8252410879147567
3,nsga2_rk_repair,NSGA-II,random_key,repair,112,1.4883965000044554,2555.880000000001,278.9180011970956,80,2214071.0792837273,173.920301230736,186.71776039345568,0.847283305137121
3,nsga2_rk_repair,NSGA-II,random_key,repair,113,1.474318915992626,2321.2000000000007,205.70893005259975,80,1950386.9122013852,116.86423365090896,153.79892093075765,0.8393062300264118
3,nsga2_rk_repair,NSGA-II,random_key,repair,114,1.4896282920090016,2920.880000000001,204.70562375921,80,1037720.2926785348,340.88725894148797,82.63421616715733,0.8463694864661075
3,nsga2_rk_repair,NSGA-II,random_key,repair,115,1.5152727910026442,2217.880000000001,259.0072392898397,80,2492748.5574669787,165.90580849969808,155.32459739904655,0.8461399244828121
3,nsga2_rk_repair,NSGA-II,random_key,repair,116,1.4924930419947486,2440.2000000000007,279.46080104992666,80,1815793.066844234,212.35376803518372,100.62846711483377,0.775542144130111
3,nsga2_rk_repair,NSGA-II,random_key,repair,117,1.526719041998149,1794.2000000000007,238.96876868021502,80,1424541.637869423,166.38573683533275,92.48632115106116,0.7845165545207246
3,nsga2_rk_repair,NSGA-II,random_key,repair,118,1.4600282500032336,2770.880000000001,143.54911123072145,80,1192859.26264617,271.1879166687082,236.97830103590016,1.0157034636068742
3,nsga2_rk_repair,NSGA-II,random_key,repair,119,1.4911695829941891,2807.2000000000007,220.4492376906402,80,2006317.091487663,211.28156441443872,154.42726833369358,0.8480697002605029
3,nsga2_rk_repair,NSGA-II,random_key,repair,120,1.5031271669868147,3441.2000000000007,186.62554912931563,80,1942461.5100334398,431.5243927708992,117.8197463554503,0.8096941530439066
3,nsga2_rk_repair,NSGA-II,random_key,repair,121,1.502156874994398,2919.2000000000007,270.77390755945163,80,1807803.349677536,305.73045889570136,121.79341549632964,0.7502304823927864
3,nsga2_rk_repair,NSGA-II,random_key,repair,122,1.4987817920045927,2929.880000000001,275.6392876444261,80,1919961.8690908377,266.45264032536716,107.92542538207834,0.8323290571358483
3,nsga2_rk_repair,NSGA-II,random_key,repair,123,1.4810887909989106,3400.880000000001,178.13743956851977,80,2928855.176898709,399.9128778408311,162.8301037654714,0.8746232428043208
3,nsga2_rk_repair,NSGA-II,random_key,repair,124,1.5134064579906408,2138.880000000001,257.9432011850018,80,2231956.819961662,129.89940646361174,128.73719204437967,0.7650505650675639
3,nsga2_rk_repair,NSGA-II,random_key,repair,125,1.5010711669892771,3251.880000000001,220.05150197531447,80,1553687.643990505,390.4505559751355,87.12509789641285,0.7982827235894786
3,nsga2_rk_repair,NSGA-II,random_key,repair,126,1.4920349169988185,1577.880000000001,193.88765733200927,80,1766258.0047286705,126.49940161658975,115.10700249928905,0.8363530954621031
3,nsga2_rk_repair,NSGA-II,random_key,repair,127,1.5029021249938523,2284.880000000001,244.71819074232278,80,1491565.2179464686,189.9074944885486,89.62948033056158,0.8013880720976311
3,nsga2_rk_repair,NSGA-II,random_key,repair,128,1.49588266700448,2956.880000000001,187.71076104260027,80,1549078.1985362638,279.2009788781938,106.70737792925682,0.8087697973084029
3,nsga2_rk_repair,NSGA-II,random_key,repair,129,1.4929303329990944,3003.880000000001,219.83194521785185,80,1674139.5813597813,349.30391650602,117.40630183265421,0.8686735229924302
3,nsga2_di_penalty,NSGA-II,direct_index,penalty,100,2.6951798329973826,3226.880000000001,192.6173827281978,80,1474742.7250338893,328.31102866403404,179.6330861953936,0.9246161900925572
3,nsga2_di_penalty,NSGA-II,direct_index,penalty,101,2.802755041004275,2885.2000000000007,246.71071766753852,80,2596348.331284052,223.50307998828984,136.81657192884123,0.836492904041174
3,nsga2_di_penalty,NSGA-II,direct_index,penalty,102,2.7660344169999007,3178.2000000000007,264.6140929295368,80,1674245.8232712965,388.45976890613963,65.93435636824653,0.7136323593133819
3,nsga2_di_penalty,NSGA-II,direct_index,penalty,103,2.801201583992224,3081.2000000000007,216.4617469717603,80,1677657.3808752627,299.8401361181093,158.16870281917602,0.813838955941596
3,nsga2_di_penalty,NSGA-II,direct_index,penalty,104,2.722737500007497,2414.84,318.6345664513942,80,1860489.292816109,277.8928510611479,133.03215852239433,0.8407042586691713
3,nsga2_di_penalty,NSGA-II,direct_index,penalty,105,2.7225582079991,3525.2000000000007,169.29915256895745,80,1288571.155245466,449.3357770666282,89.21961260729677,0.8005074671931404
3,nsga2_di_penalty,NSGA-II,direct_index,penalty,106,2.795387000005576,2810.5200000000004,294.6412186593325,80,1905071.9478778972,276.28087841076984,123.7582046228034,0.810579901113392
3,nsga2_di_penalty,NSGA-II,direct_index,penalty,107,2.746326708002016,3611.2000000000007,183.30814513221205,80,1423924.8452425452,501.17249999196935,97.69100519194048,0.832184243879125
3,nsga2_di_penalty,NSGA-II,direct_index,penalty,108,2.765117292001378,2291.2000000000007,294.6350580144995,80,2273878.0616477993,166.54782422350308,158.37066728842032,0.8308927942136695
3,nsga2_di_penalty,NSGA-II,direct_index,penalty,109,2.7114589590055402,2582.880000000001,214.02584726624346,80,2047024.6011649708,173.94269416248497,131.3214848159171,0.8338113863269315
3,nsga2_di_penalty,NSGA-II,direct_index,penalty,110,2.7164437920000637,3178.880000000001,172.00101400049962,80,1504161.4209184719,306.90908065131083,131.05989306440694,0.8367980372351443
3,nsga2_di_penalty,NSGA-II,direct_index,penalty,111,2.749949958000798,1652.4799999999996,370.95976001557904,80,2977498.9728274844,166.28470029882803,104.31678889745014,0.7432503460968242
3,nsga2_di_penalty,NSGA-II,direct_index,penalty,112,2.7417239170026733,3012.880000000001,180.80915194658115,80,2118114.390200575,263.42963754073577,301.9451702629612,0.9020602107212427
3,nsga2_di_penalty,NSGA-II,direct_index,penalty,113,2.6783142079948448,2898.2000000000007,238.10369148017026,80,2024790.7763719226,244.02959151035867,118.97883128940799,0.7525812322519357
3,nsga2_di_penalty,NSGA-II,direct_index,penalty,114,2.848057582988986,3860.2000000000007,207.83376859594117,80,1177827.3275917124,626.0075628543548,101.10663562330774,0.8826874281671049
3,nsga2_di_penalty,NSGA-II,direct_index,penalty,115,2.7148669170128414,3351.880000000001,167.73647419483453,80,1692270.0948187076,433.8375741596867,142.33686849552547,0.9194468209623199
3,nsga2_di_penalty,NSGA-II,direct_index,penalty,116,2.7973775830032537,3129.5200000000004,228.24438210739032,80,1498115.1122934136,352.624385219404,130.98722746883274,0.8442297715743045
3,nsga2_di_penalty,NSGA-II,direct_index,penalty,117,2.809795249995659,4062.880000000001,154.69095291148975,80,1621066.9563988184,666.8864697897504,102.43587860316634,0.8182157687831443
3,nsga2_di_penalty,NSGA-II,direct_index,penalty,118,2.770535417002975,3946.2000000000007,162.94420833610042,80,1187117.4647302902,583.2178831513401,141.75951276466316,0.8736490447896643
3,nsga2_di_penalty,NSGA-II,direct_index,penalty,119,2.741880832996685,3565.880000000001,163.9323444038119,80,714292.3880569191,531.4232939066925,99.96350808463733,0.9168349807006222
3,nsga2_di_penalty,NSGA-II,direct_index,penalty,120,2.7434661659935955,2655.2000000000007,244.6992107347478,80,1382299.4411349888,277.4448412899626,112.45256083692284,0.8599308232583867
3,nsga2_di_penalty,NSGA-II,direct_index,penalty,121,2.7479342080041533,2911.5200000000004,204.08908095479197,80,1260379.6073493075,278.173338506832,91.49362467822243,0.7957950986409802
3,nsga2_di_penalty,NSGA-II,direct_index,penalty,122,2.7729077499971027,3125.2000000000007,285.66038162245263,80,2380757.0657644337,304.09337187912956,227.2279408799702,1.005933993937053
3,nsga2_di_penalty,NSGA-II,direct_index,penalty,123,2.7365086669888115,3348.5200000000004,200.37453827127496,80,1481831.0330834566,349.0301632433806,150.57660248222896,0.8632996753074182
3,nsga2_di_penalty,NSGA-II,direct_index,penalty,124,2.7697619589889655,3694.880000000001,192.0102409332081,80,1529569.5506830427,498.52369919599727,138.30313195989865,0.8328320036001208
3,nsga2_di_penalty,NSGA-II,direct_index,penalty,125,2.7365489579970017,3653.2000000000007,169.5973174353373,80,1867041.507865525,459.35327467800033,153.6941642084496,0.8502652007332723
3,nsga2_di_penalty,NSGA-II,direct_index,penalty,126,2.7801767909986665,3369.2000000000007,168.84940404068138,80,1189893.5758274624,405.8786284733853,72.7958738310812,0.7414082169928055
3,nsga2_di_penalty,NSGA-II,direct_index,penalty,127,2.7156613749975804,3229.2000000000007,204.052809794754,80,1680394.4250440968,339.57947616760424,114.19322781315881,0.8309084289582239
3,nsga2_di_penalty,NSGA-II,direct_index,penalty,128,2.7410540420096368,3593.880000000001,173.63669079347858,80,1229716.9430088631,468.7197804232243,101.77997042717459,0.7725324858748839
3,nsga2_di_penalty,NSGA-II,direct_index,penalty,129,2.780214917002013,3257.880000000001,217.6339626400954,80,1707729.488339442,360.8881773929262,262.4835667858521,0.9911818679506235
3,nsga2_di_death,NSGA-II,direct_index,death_penalty,100,2.7751534580020234,3226.880000000001,192.6173827281978,80,1474742.7250338893,328.31102866403404,179.6330861953936,0.9246161900925572
3,nsga2_di_death,NSGA-II,direct_index,death_penalty,101,2.7766961669985903,2885.2000000000007,246.71071766753852,80,2596348.331284052,223.50307998828984,136.81657192884123,0.836492904041174
3,nsga2_di_death,NSGA-II,direct_index,death_penalty,102,2.7978928749944316,3178.2000000000007,264.6140929295368,80,1674245.8232712965,388.45976890613963,65.93435636824653,0.7136323593133819
3,nsga2_di_death,NSGA-II,direct_index,death_penalty,103,2.789545874999021,3081.2000000000007,216.4617469717603,80,1677657.3808752627,299.8401361181093,158.16870281917602,0.813838955941596
3,nsga2_di_death,NSGA-II,direct_index,death_penalty,104,2.7356651660084026,2414.84,318.6345664513942,80,1860489.292816109,277.8928510611479,133.03215852239433,0.8407042586691713
3,nsga2_di_death,NSGA-II,direct_index,death_penalty,105,2.739144250008394,3525.2000000000007,169.29915256895745,80,1288571.155245466,449.3357770666282,89.21961260729677,0.8005074671931404
3,nsga2_di_death,NSGA-II,direct_index,death_penalty,106,2.766779083001893,2810.5200000000004,294.6412186593325,80,1905071.9478778972,276.28087841076984,123.7582046228034,0.810579901113392
3,nsga2_di_death,NSGA-II,direct_index,death_penalty,107,2.7526957919908455,3611.2000000000007,183.30814513221205,80,1423924.8452425452,501.17249999196935,97.69100519194048,0.832184243879125
3,nsga2_di_death,NSGA-II,direct_index,death_penalty,108,2.8002555829880293,2291.2000000000007,294.6350580144995,80,2273878.0616477993,166.54782422350308,158.37066728842032,0.8308927942136695
3,nsga2_di_death,NSGA-II,direct_index,death_penalty,109,2.693678875002661,2582.880000000001,214.02584726624346,80,2047024.6011649708,173.94269416248497,131.3214848159171,0.8338113863269315
3,nsga2_di_death,NSGA-II,direct_index,death_penalty,110,2.75844025000697,3178.880000000001,172.00101400049962,80,1504161.4209184719,306.90908065131083,131.05989306440694,0.8367980372351443
3,nsga2_di_death,NSGA-II,direct_index,death_penalty,111,2.792992625007173,1652.4799999999996,370.95976001557904,80,2977498.9728274844,166.28470029882803,104.31678889745014,0.7432503460968242
3,nsga2_di_death,NSGA-II,direct_index,death_penalty,112,2.767682416990283,3012.880000000001,180.80915194658115,80,2118114.390200575,263.42963754073577,301.9451702629612,0.9020602107212427
3,nsga2_di_death,NSGA-II,direct_index,death_penalty,113,2.769026541005587,2898.2000000000007,238.10369148017026,80,2024790.7763719226,244.02959151035867,118.97883128940799,0.7525812322519357
3,nsga2_di_death,NSGA-II,direct_index,death_penalty,114,2.8095801660092548,3860.2000000000007,207.83376859594117,80,1177827.3275917124,626.0075628543548,101.10663562330774,0.8826874281671049
3,nsga2_di_death,NSGA-II,direct_index,death_penalty,115,2.734653084000456,3351.880000000001,167.73647419483453,80,1692270.0948187076,433.8375741596867,142.33686849552547,0.9194468209623199
3,nsga2_di_death,NSGA-II,direct_index,death_penalty,116,2.8074999999953434,3129.5200000000004,228.24438210739032,80,1498115.1122934136,352.624385219404,130.98722746883274,0.8442297715743045
3,nsga2_di_death,NSGA-II,direct_index,death_penalty,117,2.766576125010033,4062.880000000001,154.69095291148975,80,1621066.9563988184,666.8864697897504,102.43587860316634,0.8182157687831443
3,nsga2_di_death,NSGA-II,direct_index,death_penalty,118,2.740135542000644,3946.2000000000007,162.94420833610042,80,1187117.4647302902,583.2178831513401,141.75951276466316,0.8736490447896643
3,nsga2_di_death,NSGA-II,direct_index,death_penalty,119,2.7287545840081293,3565.880000000001,163.9323444038119,80,714292.3880569191,531.4232939066925,99.96350808463733,0.9168349807006222
3,nsga2_di_death,NSGA-II,direct_index,death_penalty,120,2.784931582995341,2655.2000000000007,244.6992107347478,80,1382299.4411349888,277.4448412899626,112.45256083692284,0.8599308232583867
3,nsga2_di_death,NSGA-II,direct_index,death_penalty,121,2.7760100410087034,2911.5200000000004,204.08908095479197,80,1260379.6073493075,278.173338506832,91.49362467822243,0.7957950986409802
3,nsga2_di_death,NSGA-II,direct_index,death_penalty,122,2.73306691700418,3125.2000000000007,285.66038162245263,80,2380757.0657644337,304.09337187912956,227.2279408799702,1.005933993937053
3,nsga2_di_death,NSGA-II,direct_index,death_penalty,123,2.758039041989832,3348.5200000000004,200.37453827127496,80,1481831.0330834566,349.0301632433806,150.57660248222896,0.8632996753074182
3,nsga2_di_death,NSGA-II,direct_index,death_penalty,124,2.7414142500056187,3694.880000000001,192.0102409332081,80,1529569.5506830427,498.52369919599727,138.30313195989865,0.8328320036001208
3,nsga2_di_death,NSGA-II,direct_index,death_penalty,125,2.7174130830098875,3653.2000000000007,169.5973174353373,80,1867041.507865525,459.35327467800033,153.6941642084496,0.8502652007332723
3,nsga2_di_death,NSGA-II,direct_index,death_penalty,126,2.7556000000040513,3369.2000000000007,168.84940404068138,80,1189893.5758274624,405.8786284733853,72.7958738310812,0.7414082169928055
3,nsga2_di_death,NSGA-II,direct_index,death_penalty,127,2.6697685830004048,3229.2000000000007,204.052809794754,80,1680394.4250440968,339.57947616760424,114.19322781315881,0.8309084289582239
3,nsga2_di_death,NSGA-II,direct_index,death_penalty,128,2.7606557499966584,3593.880000000001,173.63669079347858,80,1229716.9430088631,468.7197804232243,101.77997042717459,0.7725324858748839
3,nsga2_di_death,NSGA-II,direct_index,death_penalty,129,2.7805025840061717,3257.880000000001,217.6339626400954,80,1707729.488339442,360.8881773929262,262.4835667858521,0.9911818679506235
3,paes_di_repair,PAES,direct_index,repair,100,2.0982796250027604,4302.200000000001,179.66725530825346,40,854540.947463009,820.9248205931734,315.6962393339512,0.9867915522913195
3,paes_di_repair,PAES,direct_index,repair,101,1.9168567910091951,5495.880000000001,98.53465792303112,40,1357666.986643913,1352.617207140176,155.44333534511836,1.0304472266393925
3,paes_di_repair,PAES,direct_index,repair,102,2.0907915419957135,4328.200000000001,153.3667525001434,40,912118.3597363913,856.6727744897714,120.58275684998254,0.8492122232657587
3,paes_di_repair,PAES,direct_index,repair,103,1.9961799580050865,4446.880000000001,132.5866297893854,40,709657.6947964571,848.7687047910556,227.2514239397807,0.9544064137019622
3,paes_di_repair,PAES,direct_index,repair,104,1.986167374998331,5159.880000000001,139.4410125366546,40,197743.92119789735,1345.0145601991594,75.52721312937787,0.9982367567612814
3,paes_di_repair,PAES,direct_index,repair,105,1.9256505829980597,5843.880000000001,146.9581457051652,40,768627.8965399327,1457.6606161437815,426.2134373359459,1.0540365055231493
3,paes_di_repair,PAES,direct_index,repair,106,2.0198699589964235,3631.2000000000007,146.12838961254585,40,468899.1393219992,574.0555639454773,174.66623011418727,0.9994099734133438
3,paes_di_repair,PAES,direct_index,repair,107,2.0535912920022383,3230.2000000000007,154.6397504280126,40,668048.5825596376,403.8470341600474,350.25217549275203,1.0732065451066861
3,paes_di_repair,PAES,direct_index,repair,108,1.976631333003752,4140.880000000001,132.55101059837085,40,559316.6611044615,823.6158792182188,212.00798405999706,1.0053134936500476
3,paes_di_repair,PAES,direct_index,repair,109,2.071318540998618,5390.880000000001,177.7225831312809,40,479871.6267267217,1346.8114845017196,94.03913914833568,0.9591482309735391
3,paes_di_repair,PAES,direct_index,repair,110,1.9889852499909466,5529.880000000001,157.10405460495014,40,699391.2215832198,1332.6255347156232,297.30106373344955,0.9866620572672192
3,paes_di_repair,PAES,direct_index,repair,111,2.00636995799141,4344.880000000001,158.78092341776454,40,817830.2028159212,859.8896241594109,202.45269554985265,0.9664070396499717
3,paes_di_repair,PAES,direct_index,repair,112,2.0909694580041105,4953.880000000001,94.86848721377036,40,236496.12261565065,1130.282671234671,253.28589069111848,1.1607845595717
3,paes_di_repair,PAES,direct_index,repair,113,2.004092834002222,5133.880000000001,119.7673973942401,40,314302.07011793915,1197.0660859006225,130.28778912842242,0.9591418060115734
3,paes_di_repair,PAES,direct_index,repair,114,1.9147851669986267,6124.880000000001,111.02402222349457,40,304600.33079255396,1682.8828898076206,142.80269645540275,1.0730690968386662
3,paes_di_repair,PAES,direct_index,repair,115,1.9893135000020266,4846.200000000001,132.98132476367402,40,575288.7995488897,1052.0526744176561,227.69751758167638,1.0301503666458498
3,paes_di_repair,PAES,direct_index,repair,116,1.9473582080099732,4685.200000000001,124.87279623192842,40,297763.2888274376,1114.259874271704,130.90039954630745,1.0650799181418062
3,paes_di_repair,PAES,direct_index,repair,117,2.1591897500038613,4335.880000000001,125.33927934140581,40,686785.4833885937,798.7533940969872,458.60965499517175,1.0535219035207788
3,paes_di_repair,PAES,direct_index,repair,118,2.002441250006086,2958.2000000000007,153.6285169098706,40,961983.3809119153,349.7431716636154,267.328146543217,0.9004310708291967
3,paes_di_repair,PAES,direct_index,repair,119,2.0128259170014644,4997.880000000001,132.13161779509826,40,380952.85974514415,1146.5443040825435,170.95048853788285,1.0511052245035053
3,paes_di_repair,PAES,direct_index,repair,120,2.0828686250024475,4871.880000000001,118.96861050664536,40,462445.4014633508,1014.8701555635479,423.96540145614887,1.1153862436648823
3,paes_di_repair,PAES,direct_index,repair,121,1.9629680840007495,3821.880000000001,150.55325471493538,40,635663.1908959402,722.031303777062,291.57426630601236,1.0083032491009751
3,paes_di_repair,PAES,direct_index,repair,122,2.157315832999302,4791.880000000001,129.14076945953937,40,635651.1472660647,990.5121819697193,433.01304331096594,1.0771949393406404
3,paes_di_repair,PAES,direct_index,repair,123,2.120010208003805,3442.880000000001,128.19175390580554,40,539554.6403241005,386.2853215137374,469.22984865926,1.0010452113783437
3,paes_di_repair,PAES,direct_index,repair,124,1.9442793339985656,5741.880000000001,129.61039520202291,40,220611.01509439058,1547.9996177149778,151.43474000812097,1.1051215346347794
3,paes_di_repair,PAES,direct_index,repair,125,1.9450090829923283,3971.880000000001,157.01404380419092,40,943073.1591714,621.4357781348958,406.6358936429866,0.9732652536323257
3,paes_di_repair,PAES,direct_index,repair,126,1.9943408330000238,3286.2000000000007,203.38476123700946,40,858632.0031568169,454.00376161190985,136.1513641815692,0.8359900824616529
3,paes_di_repair,PAES,direct_index,repair,127,2.0258788329956587,4258.880000000001,109.37112807730324,40,450924.3144982804,823.9718789564355,212.77967576465772,1.1143759540817237
3,paes_di_repair,PAES,direct_index,repair,128,2.0048761250072857,4137.880000000001,115.85568724560446,40,717366.5365004196,697.3221660490619,348.8704448284116,0.9844993707875613
3,paes_di_repair,PAES,direct_index,repair,129,2.197298540995689,6361.880000000001,105.30926557046155,40,201444.06400954345,1831.3914145456702,205.8830697073921,1.0879669101072875
3,mopso_rk,MOPSO,random_key,none,100,0.4087050420057494,6013.880000000001,240.67968698399966,45,778670.4210658501,1644.099094978228,149.52018029555578,1.061446693441984
3,mopso_rk,MOPSO,random_key,none,101,0.37275320799381007,6073.880000000001,197.88181025592235,16,1519438.003284007,1623.1924943561417,492.54597678037595,0.8532711150229559
3,mopso_rk,MOPSO,random_key,none,102,0.3594592500012368,4805.200000000001,308.51325488227843,7,1166494.3337154652,1222.5044312759348,752.3744139441874,0.8045680163940471
3,mopso_rk,MOPSO,random_key,none,103,0.37256545800482854,5224.880000000001,250.60215004335507,18,1084619.3956914486,1234.0301196167975,390.7945388190078,0.8872210590438552
3,mopso_rk,MOPSO,random_key,none,104,0.3679241249919869,4637.880000000001,263.4370633718601,16,633273.551009505,1072.1733726306447,157.09749914265367,0.8139789714888459
3,mopso_rk,MOPSO,random_key,none,105,0.3682312089949846,3062.5200000000004,180.59702093738275,14,1086289.057724107,456.7731476950183,1142.4044916181947,0.946282621033254
3,mopso_rk,MOPSO,random_key,none,106,0.36279633300728165,5086.880000000001,164.88232432881028,17,356272.0449577555,1226.860611450596,343.31379597693723,0.952504808845914
3,mopso_rk,MOPSO,random_key,none,107,0.39340662500762846,5014.880000000001,137.86078125696588,6,217407.42419768652,1349.9739989229095,742.162993930789,0.8497745657588557
3,mopso_rk,MOPSO,random_key,none,108,0.37523624999448657,4739.880000000001,164.18223582019723,14,550597.3128539522,968.5956377454141,373.8529792635679,0.7231432309756897
3,mopso_rk,MOPSO,random_key,none,109,0.3579585830011638,3386.880000000001,158.4060022662722,14,435797.3024842052,1096.8718771703047,162.26563454313782,0.8982873515173638
3,mopso_rk,MOPSO,random_key,none,110,0.3612865829927614,4921.880000000001,217.48786017446602,16,573135.8204958768,1172.0171992237622,219.54531355141873,0.8098796957644332
3,mopso_rk,MOPSO,random_key,none,111,0.3699337919970276,4546.880000000001,161.49324242728767,17,485674.59004518273,973.8250283051744,358.6253332891981,0.7557476150199092
3,mopso_rk,MOPSO,random_key,none,112,0.39718775000073947,5636.880000000001,238.02488131121862,33,921720.011799517,1400.6857356217674,411.6561800476407,1.1492820023610562
3,mopso_rk,MOPSO,random_key,none,113,0.35863141700974666,4909.52,203.89130075389502,10,374806.67868405546,1170.531022086025,222.1379483074836,0.8146801123149348
3,mopso_rk,MOPSO,random_key,none,114,0.36827416700543836,4303.200000000001,182.74940132848357,14,563267.388473419,1124.1357490761197,803.2498846080995,1.1588509517125705
3,mopso_rk,MOPSO,random_key,none,115,0.3754415000003064,3832.880000000001,200.4468481003324,16,667169.8760390455,714.2739276895239,429.2592635961304,0.8066073620405735
3,mopso_rk,MOPSO,random_key,none,116,0.44538654100324493,5595.880000000001,243.75021680974544,51,704655.8722881902,1467.560708059824,235.09703950997152,1.2354852639756086
3,mopso_rk,MOPSO,random_key,none,117,0.3958833750075428,7081.880000000001,181.82322371129126,35,609898.3850510959,2280.9645758930446,291.4428868363292,1.1586317039851797
3,mopso_rk,MOPSO,random_key,none,118,0.3609039579896489,5318.880000000001,241.77857104401355,12,1002983.0029919703,1337.0058045869177,464.41428109171625,0.8207520090818881
3,mopso_rk,MOPSO,random_key,none,119,0.37275279199820943,4909.880000000001,190.19192257725885,17,917645.303538029,1096.3578393225462,974.1103451411856,1.070210837935935
3,mopso_rk,MOPSO,random_key,none,120,0.3733558750100201,4198.880000000001,226.30732042398174,13,529632.976149385,974.3355402015782,343.22167356638766,0.9311793894121809
3,mopso_rk,MOPSO,random_key,none,121,0.5499152499978663,6467.880000000001,153.30749406619293,68,861415.4611897002,1853.154923135388,220.60559510141715,1.2666561764838937
3,mopso_rk,MOPSO,random_key,none,122,0.41136170898971613,5072.880000000001,240.55463261509436,38,931307.200752424,1151.4006289501804,315.61435892658824,1.1670863796713287
3,mopso_rk,MOPSO,random_key,none,123,0.36634000000776723,6473.880000000001,155.4912948266758,17,308061.88803254825,1914.9749011755491,307.5017371919455,0.9569123415443769
3,mopso_rk,MOPSO,random_key,none,124,0.36252045798755717,4783.880000000001,264.7380125571418,11,604115.1443207547,1150.7062370196381,152.7984290757703,0.7960994132178046
3,mopso_rk,MOPSO,random_key,none,125,0.36802862500189804,5871.880000000001,201.96481217029833,6,529876.6887541534,1628.992199581422,816.3833440496754,0.8950671521327527
3,mopso_rk,MOPSO,random_key,none,126,0.3665587910072645,4800.880000000001,130.11712914275688,9,343475.0276351125,1065.018418231605,867.7487512414976,0.7661157291943825
3,mopso_rk,MOPSO,random_key,none,127,0.36806974999490194,4794.200000000001,194.9010271579499,12,555009.6688973755,1140.3624371959813,285.9298520137191,0.7866931755740749
3,mopso_rk,MOPSO,random_key,none,128,0.36304820798977744,5620.880000000001,142.87506880000126,20,483708.88452737057,1514.0215714690928,279.780033950331,1.0637822132815669
3,mopso_rk,MOPSO,random_key,none,129,0.363521250008489,5604.880000000001,206.3429546458536,13,415884.95766339084,1471.5520335105014,148.24354746699083,0.8436179956810396
3,paco_di,P-ACO,direct_index,none,100,33.45280912499584,5340.880000000001,171.50354856872778,9,507210.8916179123,1293.4622738622375,944.4201651516037,0.9088417725872624
3,paco_di,P-ACO,direct_index,none,101,33.48240804200759,4988.200000000001,217.73148862221137,10,538984.3326759276,1227.3415091185254,347.17742350855605,0.7935184820420245
3,paco_di,P-ACO,direct_index,none,102,33.55432345799636,6141.880000000001,144.6386114946796,7,422894.6460275365,1667.4666147012713,806.6847318133558,0.7464713317747476
3,paco_di,P-ACO,direct_index,none,103,33.4139196670003,5614.880000000001,162.50169790392061,13,547579.9447095848,1430.0116586154068,588.3692327518207,0.803020621742857
3,paco_di,P-ACO,direct_index,none,104,33.42691191699123,5841.880000000001,199.29844626050968,8,576812.8586033466,1637.9248662699567,630.7497260371732,0.8975950928122688
3,paco_di,P-ACO,direct_index,none,105,33.49393054100801,5617.200000000001,226.0864753990984,11,785949.8553679414,1454.1896397063163,377.1301408740941,0.7531586843381751
3,paco_di,P-ACO,direct_index,none,106,33.39290129201254,6018.880000000001,236.76133685422155,8,967001.451213987,1662.4203422945225,940.7002712620484,0.9320704483415483
3,paco_di,P-ACO,direct_index,none,107,33.57034299999941,5919.880000000001,234.07050171916052,7,667213.47110362,1646.1747378283778,811.9918706127021,0.8887394323061105
3,paco_di,P-ACO,direct_index,none,108,33.49174250000215,6553.880000000001,227.57070648238047,10,941930.3546544341,1923.81426755024,467.2110909559708,0.7524813308245388
3,paco_di,P-ACO,direct_index,none,109,33.51501895800175,5686.880000000001,267.2504806750798,9,1485304.254933738,1465.119558597053,561.0032347211588,0.6636891900400067
3,paco_di,P-ACO,direct_index,none,110,33.47080854099477,5478.880000000001,170.73511370553177,8,536893.0604197658,1289.503969018884,429.96151043769925,0.6008737633439936
3,paco_di,P-ACO,direct_index,none,111,33.453423375001876,5658.880000000001,191.134351347355,7,309367.5441713708,1534.7402163362478,304.6699141944743,0.8041127781218329
3,paco_di,P-ACO,direct_index,none,112,33.43170645799546,5651.880000000001,186.9600881379908,15,574000.7120207862,1407.229186456905,406.78066311335414,0.8385775212139688
3,paco_di,P-ACO,direct_index,none,113,33.53412358299829,5341.200000000001,201.84520609399803,7,696451.5830118052,1354.7859850598243,1432.5444547134307,0.9473078298711269
3,paco_di,P-ACO,direct_index,none,114,33.45088150000083,4499.880000000001,191.9859827226352,9,613247.6968075734,936.742663690458,852.8157803857482,0.8349527581363508
3,paco_di,P-ACO,direct_index,none,115,33.61725083400961,5336.200000000001,208.99712890145904,12,933991.7502910972,1293.0819718988703,602.6586464679627,0.8318324050655198
3,paco_di,P-ACO,direct_index,none,116,33.43620374999591,6034.200000000001,170.6028585803803,11,529425.681805903,1607.2376476023849,378.61632687120203,0.7143497856324962
3,paco_di,P-ACO,direct_index,none,117,33.47361820799415,5966.880000000001,153.15053448588685,11,467871.22454472556,1576.2051149647957,446.3448287304917,0.7217506103710685
3,paco_di,P-ACO,direct_index,none,118,33.5375020000065,5790.880000000001,166.62182660354134,12,429385.9333866751,1494.249240750172,595.645898412243,0.8518558487528511
3,paco_di,P-ACO,direct_index,none,119,33.608352333991206,5309.880000000001,184.95756498063267,11,729563.2174365987,1246.5924533447849,525.9888606093145,0.7589890887835028
3,paco_di,P-ACO,direct_index,none,120,33.548586124990834,6272.880000000001,196.28798934697386,13,547411.6331075783,1748.3818721522548,254.54093734704674,0.7716145490306425
3,paco_di,P-ACO,direct_index,none,121,33.53200966700388,5474.880000000001,208.43573111025995,10,942745.568369892,1415.9097365286414,607.9944942265515,0.7591609607144241
3,paco_di,P-ACO,direct_index,none,122,33.520825125000556,5834.880000000001,169.76326425081365,10,548482.8298182756,1515.8697502530597,477.39486871237625,0.6730735756923876
3,paco_di,P-ACO,direct_index,none,123,33.529677457991056,5118.200000000001,294.24703206317133,10,1418790.8266380988,1142.9071697108068,763.13892977628,0.7376004840308749
3,paco_di,P-ACO,direct_index,none,124,33.451564040995436,5410.200000000001,145.60958244004445,9,525249.2020554533,1368.4742839715454,653.019509870638,0.8407957656988653
3,paco_di,P-ACO,direct_index,none,125,33.47180404199753,5095.880000000001,257.11188889895817,9,1329418.4875436346,1203.0912349060636,795.9039223378711,0.7136322864718112
3,paco_di,P-ACO,direct_index,none,126,33.52734137499647,5744.880000000001,177.44477791590307,7,633800.6884271229,1502.7370028497871,838.6320575057767,0.7542066292058262
3,paco_di,P-ACO,direct_index,none,127,33.59837858400715,5797.880000000001,226.43910045304057,17,898085.4218766743,1498.2466266468437,313.7715635383331,0.773840550568257
3,paco_di,P-ACO,direct_index,none,128,33.49844204100373,5456.880000000001,199.33979020659632,11,793786.0031517916,1317.9532374113317,930.8672593002344,0.8573088137526846
3,paco_di,P-ACO,direct_index,none,129,33.550846750003984,4707.880000000001,171.31807919347094,9,365612.2872831756,1100.1921901804008,667.819832245649,0.8370753931015614
4,nsga2_di_repair,NSGA-II,direct_index,repair,100,1.356764291995205,374.5,113.64406040390837,80,491494.2259351834,92.30440980867402,35.04609852036288,0.7617538819449939
4,nsga2_di_repair,NSGA-II,direct_index,repair,101,1.3216437920054886,388.5,142.7873780354873,80,233752.3637406913,112.20877249078517,29.304970556880935,0.6597527415187788
4,nsga2_di_repair,NSGA-II,direct_index,repair,102,1.3492729999998119,352.5,90.03150388774745,80,410468.32178926555,86.58007192895366,49.940928982206316,0.8287975131163834
4,nsga2_di_repair,NSGA-II,direct_index,repair,103,1.373220916997525,308.5,179.7539925087371,80,738765.3558865419,86.15920680943118,72.42016254516805,0.7832099528961172
4,nsga2_di_repair,NSGA-II,direct_index,repair,104,1.3574901670071995,287.5,146.7098182113619,80,498557.8348065775,74.55261820503446,64.12726760248442,0.8469754211842083
4,nsga2_di_repair,NSGA-II,direct_index,repair,105,1.3453857080021407,288.5,122.58015391638187,80,342504.51370688324,74.15266921099712,51.14833471101174,0.7714495972467086
4,nsga2_di_repair,NSGA-II,direct_index,repair,106,1.3723857500008307,277.5,104.47940855421663,80,658784.9207574521,74.57030528393011,66.29749830506604,0.9502377269006834
4,nsga2_di_repair,NSGA-II,direct_index,repair,107,1.3512020000052871,353.5,113.26585795613958,80,338878.67945405387,88.35511987607077,34.76555339776521,0.7212372899822156
4,nsga2_di_repair,NSGA-II,direct_index,repair,108,1.3515591670002323,325.5,139.1829984933653,80,405668.7273719571,86.89710840577679,66.21880924733091,0.7625213233401575
4,nsga2_di_repair,NSGA-II,direct_index,repair,109,1.3457943749963306,420.5,100.1762677814445,80,513055.5899992958,110.06533065560883,88.72377634395471,0.9315676791946748
4,nsga2_di_repair,NSGA-II,direct_index,repair,110,1.3618467499909457,353.5,108.64074542052454,80,325429.0104334924,89.72097666061678,54.404727624927645,0.8673966999800703
4,nsga2_di_repair,NSGA-II,direct_index,repair,111,1.3708939999924041,304.5,108.48718780304587,80,570607.8955624445,80.21104150380971,63.42963442658036,0.8426819474916629
4,nsga2_di_repair,NSGA-II,direct_index,repair,112,1.3532125420024386,309.5,123.12241529075656,80,434858.02354509034,77.83549264683782,45.69954823213286,0.8058618586111524
4,nsga2_di_repair,NSGA-II,direct_index,repair,113,1.3662081660004333,163.5,122.87851834858523,80,466711.5065364001,50.567606463765195,39.75477050393915,0.7936605253240285
4,nsga2_di_repair,NSGA-II,direct_index,repair,114,1.337268208997557,294.5,151.12961349724,80,297129.7104807523,77.68917679367146,45.19660499905072,0.834421964316446
4,nsga2_di_repair,NSGA-II,direct_index,repair,115,1.3722377919912105,235.5,156.96145394917366,80,350353.00595849165,90.89985980412229,52.63244526081257,0.8063008321628328
4,nsga2_di_repair,NSGA-II,direct_index,repair,116,1.333837832993595,238.5,132.6630365604566,80,222574.4850892439,69.98677378678411,26.788467221765224,0.7190397299761816
4,nsga2_di_repair,NSGA-II,direct_index,repair,117,1.361215415992774,347.5,104.63331741908617,80,382218.0848103397,83.59095238542744,38.68174012472758,0.7870340019201625
4,nsga2_di_repair,NSGA-II,direct_index,repair,118,1.372010874998523,330.5,105.33381633031253,80,519512.1059458119,81.65798956944296,63.88588727345849,0.8448843981348467
4,nsga2_di_repair,NSGA-II,direct_index,repair,119,1.3773934580094647,255.5,139.59368876773317,80,319012.3894830036,75.31901811700652,52.90522000546827,0.8035683923088179
4,nsga2_di_repair,NSGA-II,direct_index,repair,120,1.360433166992152,289.5,126.09397868069365,80,258100.51271610876,75.43421870670686,40.3453037277275,0.7677777183031348
4,nsga2_di_repair,NSGA-II,direct_index,repair,121,1.3759078750008484,249.5,184.22478396376601,80,322652.9836572288,84.0798777019949,38.66578033279039,0.7728943682069355
4,nsga2_di_repair,NSGA-II,direct_index,repair,122,1.355766708002193,435.5,109.6742491350392,80,456825.0766616365,107.42927540082265,45.153493958045686,0.760607043547398
4,nsga2_di_repair,NSGA-II,direct_index,repair,123,1.3386708329926478,305.5,101.20978600377009,80,631849.2575125943,78.06817415138526,107.23208219190337,0.9154217617414158
4,nsga2_di_repair,NSGA-II,direct_index,repair,124,1.3495482089929283,188.5,85.44373791088796,80,329873.429371588,51.09227123353341,36.619352664498834,0.7799937242983503
4,nsga2_di_repair,NSGA-II,direct_index,repair,125,1.3626772080024239,396.5,130.31306836146007,80,641905.2204034494,111.85948988060521,69.00940029989751,0.8070206018426631
4,nsga2_di_repair,NSGA-II,direct_index,repair,126,1.3591327909962274,402.5,138.9893364343685,80,301203.27191600285,111.90875195668865,134.6970059694818,0.9481105646385725
4,nsga2_di_repair,NSGA-II,direct_index,repair,127,1.364313999991282,245.5,133.7928104742541,80,379395.74449334625,69.09678144631306,69.85163774955102,0.9032978490245577
4,nsga2_di_repair,NSGA-II,direct_index,repair,128,1.3394832920021145,373.5,136.79530038084278,80,273854.2384025414,101.26871876910597,31.884625202367484,0.7977391236698618
4,nsga2_di_repair,NSGA-II,direct_index,repair,129,1.361689541998203,296.5,162.8186607019683,80,449463.22686171986,87.9463417725014,48.17922519753005,0.8058688057188074
4,nsga2_rk_repair,NSGA-II,random_key,repair,100,1.4340016250062035,264.5,89.97141564154896,80,773382.7356455703,53.92435688694252,167.9308561506358,0.9834988907128505
4,nsga2_rk_repair,NSGA-II,random_key,repair,101,1.447438167000655,275.5,142.14152408238718,80,213561.82389645572,68.31219683952958,22.814561010178128,0.7168525170487117
4,nsga2_rk_repair,NSGA-II,random_key,repair,102,1.4278979170048842,259.5,124.6164628034206,80,370684.8938437368,62.73957458805814,56.50446973423719,0.8424595862725021
4,nsga2_rk_repair,NSGA-II,random_key,repair,103,1.4107630000071367,296.5,87.21191858836508,80,289325.4084550636,60.65634684812226,30.043722836142088,0.6816591413509403
4,nsga2_rk_repair,NSGA-II,random_key,repair,104,1.4508801250049146,255.5,125.44798028041555,80,260305.91360640636,64.73839739300297,65.98376742128305,0.8154012254225331
4,nsga2_rk_repair,NSGA-II,random_key,repair,105,1.4363766250025947,294.5,88.51467922433375,80,350912.4131138349,59.65621846800246,35.83403407340571,0.8028904052870607
4,nsga2_rk_repair,NSGA-II,random_key,repair,106,1.4241697499965085,286.5,89.72729947691586,80,374389.3002377354,59.173560981586384,51.595828120705534,0.8471245197875293
4,nsga2_rk_repair,NSGA-II,random_key,repair,107,1.435358874994563,254.5,87.88498776368687,80,421142.9452714917,55.703599085590184,161.2952147700676,1.0163693660630695
4,nsga2_rk_repair,NSGA-II,random_key,repair,108,1.4595230000122683,242.5,155.99158695095903,80,417075.5249900291,74.7659036915201,28.371013472433212,0.7267649671034364
4,nsga2_rk_repair,NSGA-II,random_key,repair,109,1.445831958000781,288.5,103.64490535176697,80,310244.90865141514,66.44238373158498,69.06631177168951,0.7056444197975813
4,nsga2_rk_repair,NSGA-II,random_key,repair,110,1.4122134999925038,328.5,89.01437820872829,80,188542.9404275702,62.51559294844984,19.90048591954938,0.6979730078298526
4,nsga2_rk_repair,NSGA-II,random_key,repair,111,1.4147795409953687,209.5,118.29731660866645,80,306617.63050680066,35.61763580875043,81.13423561244407,0.8583173046052907
4,nsga2_rk_repair,NSGA-II,random_key,repair,112,1.4218493750086054,276.5,118.78562000412643,80,334686.10476384714,66.64472019188395,27.400052729083384,0.7597914766718543
4,nsga2_rk_repair,NSGA-II,random_key,repair,113,1.447463083997718,243.5,137.62172747627363,80,421653.11988078733,69.1977162526159,51.68378696171117,0.8550404406872278
4,nsga2_rk_repair,NSGA-II,random_key,repair,114,1.4348462920024758,325.5,108.56977649436728,80,269039.9484464582,77.93563958555387,32.546203905249484,0.7909340009586341
4,nsga2_rk_repair,NSGA-II,random_key,repair,115,1.4256694999930914,354.5,111.77002645045512,80,175338.64261610265,85.6713142559981,30.37793784101307,0.7060012970882061
4,nsga2_rk_repair,NSGA-II,random_key,repair,116,1.4156764170038514,274.5,95.56288260026662,80,281646.7260802465,55.68251077501718,33.44131927180389,0.8143603663566468
4,nsga2_rk_repair,NSGA-II,random_key,repair,117,1.4258097089914372,256.5,102.33749009523012,80,521401.8830214065,56.084002166940145,71.13205352342338,0.9312247146745932
4,nsga2_rk_repair,NSGA-II,random_key,repair,118,1.4190901249967283,138.5,129.15461370678503,80,270294.99311400106,46.06717099352002,45.313254494889236,0.8039174556996097
4,nsga2_rk_repair,NSGA-II,random_key,repair,119,1.4231850420037517,217.5,114.29779788819516,80,234830.4099055143,50.34616595311909,31.524476145559813,0.704921824902459
4,nsga2_rk_repair,NSGA-II,random_key,repair,120,1.404847083002096,227.5,120.33318346013368,80,362040.3744908217,48.011014490177104,33.37856960891583,0.740670547492645
4,nsga2_rk_repair,NSGA-II,random_key,repair,121,1.4218549999932293,286.5,113.15681695404187,80,376218.26872348436,62.91394145737859,57.80812617544345,0.8612339594593617
4,nsga2_rk_repair,NSGA-II,random_key,repair,122,1.4304220840131165,243.5,138.00666339950018,80,470036.4525961077,56.971455942088,77.9373845807827,0.9486430689589407
4,nsga2_rk_repair,NSGA-II,random_key,repair,123,1.424085874998127,315.5,95.94606515290387,80,478760.51634616975,61.78107940029416,80.85825534142204,0.8122893196917127
4,nsga2_rk_repair,NSGA-II,random_key,repair,124,1.444501375008258,196.5,155.59261791607807,80,598641.8087183104,52.271496840451114,50.436184573539904,0.83275850569798
4,nsga2_rk_repair,NSGA-II,random_key,repair,125,1.4496197500120616,293.5,127.00800486631891,80,495087.2822321058,65.79655856663653,61.14411082691694,0.8326466022933754
4,nsga2_rk_repair,NSGA-II,random_key,repair,126,1.4082805829966674,198.5,154.45045690121384,80,226641.5370115615,52.371239096811316,29.318456450324973,0.7295877404871646
4,nsga2_rk_repair,NSGA-II,random_key,repair,127,1.43846195799415,193.5,205.89809029394382,80,504995.9612593277,69.39937600244187,59.250808280189375,0.8883767021083162
4,nsga2_rk_repair,NSGA-II,random_key,repair,128,1.3835034999938216,325.5,100.27130947668414,80,252259.6913181164,74.65927511520617,18.297233955865526,0.6600379816433175
4,nsga2_rk_repair,NSGA-II,random_key,repair,129,1.4030812499986496,132.5,101.18234650064588,80,384297.581250442,17.34250372905856,62.37042508355665,0.8610586330358615
4,nsga2_di_penalty,NSGA-II,direct_index,penalty,100,2.6999395830061985,374.5,113.64406040390837,80,491494.2259351834,92.30440980867402,35.04609852036288,0.7617538819449939
4,nsga2_di_penalty,NSGA-II,direct_index,penalty,101,2.6951660829945467,388.5,142.7873780354873,80,233752.3637406913,112.20877249078517,29.304970556880935,0.6597527415187788
4,nsga2_di_penalty,NSGA-II,direct_index,penalty,102,2.7014306250057416,352.5,90.03150388774745,80,410468.32178926555,86.58007192895366,49.940928982206316,0.8287975131163834
4,nsga2_di_penalty,NSGA-II,direct_index,penalty,103,2.66882729200006,308.5,179.7539925087371,80,738765.3558865419,86.15920680943118,72.42016254516805,0.7832099528961172
4,nsga2_di_penalty,NSGA-II,direct_index,penalty,104,2.7150980830047047,287.5,146.7098182113619,80,498557.8348065775,74.55261820503446,64.12726760248442,0.8469754211842083
4,nsga2_di_penalty,NSGA-II,direct_index,penalty,105,2.660995875005028,288.5,122.58015391638187,80,342504.51370688324,74.15266921099712,51.14833471101174,0.7714495972467086
4,nsga2_di_penalty,NSGA-II,direct_index,penalty,106,2.708404832999804,277.5,104.47940855421663,80,658784.9207574521,74.57030528393011,66.29749830506604,0.9502377269006834
4,nsga2_di_penalty,NSGA-II,direct_index,penalty,107,2.693776499989326,353.5,113.26585795613958,80,338878.67945405387,88.35511987607077,34.76555339776521,0.7212372899822156
4,nsga2_di_penalty,NSGA-II,direct_index,penalty,108,2.695193040999584,325.5,139.1829984933653,80,405668.7273719571,86.89710840577679,66.21880924733091,0.7625213233401575
4,nsga2_di_penalty,NSGA-II,direct_index,penalty,109,2.6663805410062196,420.5,100.1762677814445,80,513055.5899992958,110.06533065560883,88.72377634395471,0.9315676791946748
4,nsga2_di_penalty,NSGA-II,direct_index,penalty,110,2.7015587920031976,353.5,108.64074542052454,80,325429.0104334924,89.72097666061678,54.404727624927645,0.8673966999800703
4,nsga2_di_penalty,NSGA-II,direct_index,penalty,111,2.706942707998678,304.5,108.48718780304587,80,570607.8955624445,80.21104150380971,63.42963442658036,0.8426819474916629
4,nsga2_di_penalty,NSGA-II,direct_index,penalty,112,2.6737304580019554,309.5,123.12241529075656,80,434858.02354509034,77.83549264683782,45.69954823213286,0.8058618586111524
4,nsga2_di_penalty,NSGA-II,direct_index,penalty,113,2.685471292003058,163.5,122.87851834858523,80,466711.5065364001,50.567606463765195,39.75477050393915,0.7936605253240285
4,nsga2_di_penalty,NSGA-II,direct_index,penalty,114,2.647444624992204,294.5,151.12961349724,80,297129.7104807523,77.68917679367146,45.19660499905072,0.834421964316446
4,nsga2_di_penalty,NSGA-II,direct_index,penalty,115,2.741770207998343,235.5,156.96145394917366,80,350353.00595849165,90.89985980412229,52.63244526081257,0.8063008321628328
4,nsga2_di_penalty,NSGA-II,direct_index,penalty,116,2.6463517090014648,238.5,132.6630365604566,80,222574.4850892439,69.98677378678411,26.788467221765224,0.7190397299761816
4,nsga2_di_penalty,NSGA-II,direct_index,penalty,117,2.726851125000394,347.5,104.63331741908617,80,382218.0848103397,83.59095238542744,38.68174012472758,0.7870340019201625
4,nsga2_di_penalty,NSGA-II,direct_index,penalty,118,2.672109000006458,330.5,105.33381633031253,80,519512.1059458119,81.65798956944296,63.88588727345849,0.8448843981348467
4,nsga2_di_penalty,NSGA-II,direct_index,penalty,119,2.6789371670020046,255.5,139.59368876773317,80,319012.3894830036,75.31901811700652,52.90522000546827,0.8035683923088179
4,nsga2_di_penalty,NSGA-II,direct_index,penalty,120,2.6973094169952674,289.5,126.09397868069365,80,258100.51271610876,75.43421870670686,40.3453037277275,0.7677777183031348
4,nsga2_di_penalty,NSGA-II,direct_index,penalty,121,2.7591220830072416,249.5,184.22478396376601,80,322652.9836572288,84.0798777019949,38.66578033279039,0.7728943682069355
4,nsga2_di_penalty,NSGA-II,direct_index,penalty,122,2.7116867910081055,435.5,109.6742491350392,80,456825.0766616365,107.42927540082265,45.153493958045686,0.760607043547398
4,nsga2_di_penalty,NSGA-II,direct_index,penalty,123,2.6738420000037877,305.5,101.20978600377009,80,631849.2575125943,78.06817415138526,107.23208219190337,0.9154217617414158
4,nsga2_di_penalty,NSGA-II,direct_index,penalty,124,2.675605833006557,188.5,85.44373791088796,80,329873.429371588,51.09227123353341,36.619352664498834,0.7799937242983503
4,nsga2_di_penalty,NSGA-II,direct_index,penalty,125,2.7024187920033,396.5,130.31306836146007,80,641905.2204034494,111.85948988060521,69.00940029989751,0.8070206018426631
4,nsga2_di_penalty,NSGA-II,direct_index,penalty,126,2.66636116700829,402.5,138.9893364343685,80,301203.27191600285,111.90875195668865,134.6970059694818,0.9481105646385725
4,nsga2_di_penalty,NSGA-II,direct_index,penalty,127,2.709364750000532,245.5,133.7928104742541,80,379395.74449334625,69.09678144631306,69.85163774955102,0.9032978490245577
4,nsga2_di_penalty,NSGA-II,direct_index,penalty,128,2.7071191249997355,373.5,136.79530038084278,80,273854.2384025414,101.26871876910597,31.884625202367484,0.7977391236698618
4,nsga2_di_penalty,NSGA-II,direct_index,penalty,129,2.78241662500659,296.5,162.8186607019683,80,449463.22686171986,87.9463417725014,48.17922519753005,0.8058688057188074
4,nsga2_di_death,NSGA-II,direct_index,death_penalty,100,2.7343648750102147,374.5,113.64406040390837,80,491494.2259351834,92.30440980867402,35.04609852036288,0.7617538819449939
4,nsga2_di_death,NSGA-II,direct_index,death_penalty,101,2.7247434169985354,388.5,142.7873780354873,80,233752.3637406913,112.20877249078517,29.304970556880935,0.6597527415187788
4,nsga2_di_death,NSGA-II,direct_index,death_penalty,102,2.6908433329954278,352.5,90.03150388774745,80,410468.32178926555,86.58007192895366,49.940928982206316,0.8287975131163834
4,nsga2_di_death,NSGA-II,direct_index,death_penalty,103,2.653184084003442,308.5,179.7539925087371,80,738765.3558865419,86.15920680943118,72.42016254516805,0.7832099528961172
4,nsga2_di_death,NSGA-II,direct_index,death_penalty,104,2.7076330409909133,287.5,146.7098182113619,80,498557.8348065775,74.55261820503446,64.12726760248442,0.8469754211842083
4,nsga2_di_death,NSGA-II,direct_index,death_penalty,105,2.650725333005539,288.5,122.58015391638187,80,342504.51370688324,74.15266921099712,51.14833471101174,0.7714495972467086
4,nsga2_di_death,NSGA-II,direct_index,death_penalty,106,2.7234777499979828,277.5,104.47940855421663,80,658784.9207574521,74.57030528393011,66.29749830506604,0.9502377269006834
4,nsga2_di_death,NSGA-II,direct_index,death_penalty,107,2.7052192910050508,353.5,113.26585795613958,80,338878.67945405387,88.35511987607077,34.76555339776521,0.7212372899822156
4,nsga2_di_death,NSGA-II,direct_index,death_penalty,108,2.743828415987082,325.5,139.1829984933653,80,405668.7273719571,86.89710840577679,66.21880924733091,0.7625213233401575
4,nsga2_di_death,NSGA-II,direct_index,death_penalty,109,2.69809770899883,420.5,100.1762677814445,80,513055.5899992958,110.06533065560883,88.72377634395471,0.9315676791946748
4,nsga2_di_death,NSGA-II,direct_index,death_penalty,110,2.7076692080008797,353.5,108.64074542052454,80,325429.0104334924,89.72097666061678,54.404727624927645,0.8673966999800703
4,nsga2_di_death,NSGA-II,direct_index,death_penalty,111,2.706858709003427,304.5,108.48718780304587,80,570607.8955624445,80.21104150380971,63.42963442658036,0.8426819474916629
4,nsga2_di_death,NSGA-II,direct_index,death_penalty,112,2.657067249994725,309.5,123.12241529075656,80,434858.02354509034,77.83549264683782,45.69954823213286,0.8058618586111524
4,nsga2_di_death,NSGA-II,direct_index,death_penalty,113,2.674195832994883,163.5,122.87851834858523,80,466711.5065364001,50.567606463765195,39.75477050393915,0.7936605253240285
4,nsga2_di_death,NSGA-II,direct_index,death_penalty,114,2.6556030829960946,294.5,151.12961349724,80,297129.7104807523,77.68917679367146,45.19660499905072,0.834421964316446
4,nsga2_di_death,NSGA-II,direct_index,death_penalty,115,2.7629403749888297,235.5,156.96145394917366,80,350353.00595849165,90.89985980412229,52.63244526081257,0.8063008321628328
4,nsga2_di_death,NSGA-II,direct_index,death_penalty,116,2.692430333001539,238.5,132.6630365604566,80,222574.4850892439,69.98677378678411,26.788467221765224,0.7190397299761816
4,nsga2_di_death,NSGA-II,direct_index,death_penalty,117,2.7848684170021443,347.5,104.63331741908617,80,382218.0848103397,83.59095238542744,38.68174012472758,0.7870340019201625
4,nsga2_di_death,NSGA-II,direct_index,death_penalty,118,2.67596541599778,330.5,105.33381633031253,80,519512.1059458119,81.65798956944296,63.88588727345849,0.8448843981348467
4,nsga2_di_death,NSGA-II,direct_index,death_penalty,119,2.659497457992984,255.5,139.59368876773317,80,319012.3894830036,75.31901811700652,52.90522000546827,0.8035683923088179
4,nsga2_di_death,NSGA-II,direct_index,death_penalty,120,2.661071250011446,289.5,126.09397868069365,80,258100.51271610876,75.43421870670686,40.3453037277275,0.7677777183031348
4,nsga2_di_death,NSGA-II,direct_index,death_penalty,121,2.732947875003447,249.5,184.22478396376601,80,322652.9836572288,84.0798777019949,38.66578033279039,0.7728943682069355
4,nsga2_di_death,NSGA-II,direct_index,death_penalty,122,2.754353958996944,435.5,109.6742491350392,80,456825.0766616365,107.42927540082265,45.153493958045686,0.760607043547398
4,nsga2_di_death,NSGA-II,direct_index,death_penalty,123,2.6853688749979483,305.5,101.20978600377009,80,631849.2575125943,78.06817415138526,107.23208219190337,0.9154217617414158
4,nsga2_di_death,NSGA-II,direct_index,death_penalty,124,2.7142805839976063,188.5,85.44373791088796,80,329873.429371588,51.09227123353341,36.619352664498834,0.7799937242983503
4,nsga2_di_death,NSGA-II,direct_index,death_penalty,125,2.75406487500004,396.5,130.31306836146007,80,641905.2204034494,111.85948988060521,69.00940029989751,0.8070206018426631
4,nsga2_di_death,NSGA-II,direct_index,death_penalty,126,2.6693914589995984,402.5,138.9893364343685,80,301203.27191600285,111.90875195668865,134.6970059694818,0.9481105646385725
4,nsga2_di_death,NSGA-II,direct_index,death_penalty,127,2.702780207997421,245.5,133.7928104742541,80,379395.74449334625,69.09678144631306,69.85163774955102,0.9032978490245577
4,nsga2_di_death,NSGA-II,direct_index,death_penalty,128,2.702947541998583,373.5,136.79530038084278,80,273854.2384025414,101.26871876910597,31.884625202367484,0.7977391236698618
4,nsga2_di_death,NSGA-II,direct_index,death_penalty,129,2.7662652089929907,296.5,162.8186607019683,80,449463.22686171986,87.9463417725014,48.17922519753005,0.8058688057188074
4,paes_di_repair,PAES,direct_index,repair,100,1.8653318750002654,220.5,106.21696924748028,40,137964.1970807301,69.4250853175308,58.847513193528705,1.2854213251706013
4,paes_di_repair,PAES,direct_index,repair,101,2.006613916993956,207.5,122.47593223628135,40,248368.7673601224,74.05553053872111,64.04973407764797,1.3101097772846093
4,paes_di_repair,PAES,direct_index,repair,102,1.9031826249993173,143.5,131.4864491691034,40,212350.4714218137,72.4962971832112,92.71182492084384,1.1769714825289148
4,paes_di_repair,PAES,direct_index,repair,103,1.8555635000084294,385.5,64.1884795530834,40,138276.1559396775,88.62968939445074,84.49335596596116,1.1220855928423785
4,paes_di_repair,PAES,direct_index,repair,104,1.8347791249980219,201.5,81.09385491797266,40,241470.53690549513,64.23283623982982,97.25738395297621,1.2632322798587772
4,paes_di_repair,PAES,direct_index,repair,105,1.8938185000006342,251.5,159.5256716711757,40,227247.67027498028,87.44016538140801,85.73806173765655,1.0458869572479117
4,paes_di_repair,PAES,direct_index,repair,106,1.7824084169988055,215.5,148.24913796705516,40,63315.05918106226,65.41720043472668,41.9752457203916,1.2997746469874907
4,paes_di_repair,PAES,direct_index,repair,107,1.8972121249971678,337.5,87.96136107215023,40,222879.32849520727,86.55712452207393,87.13884806989796,1.1707086311711046
4,paes_di_repair,PAES,direct_index,repair,108,1.8717876669979887,373.5,144.91461735601223,40,282037.3891157536,100.52174056557561,116.816197546075,1.2052433314470787
4,paes_di_repair,PAES,direct_index,repair,109,1.9164638750080485,312.5,82.62168089100186,40,20917.7199131167,181.39912977550455,37.32509515398851,1.2858361535384146
4,paes_di_repair,PAES,direct_index,repair,110,1.8854291669995291,279.5,85.09653423770665,40,122363.90892652464,96.55743808669651,78.93310173161198,1.278224768044387
4,paes_di_repair,PAES,direct_index,repair,111,1.8106288330018288,203.5,119.14420179019305,40,127860.98162187758,58.9601409404536,67.39933321931984,1.2352511219826865
4,paes_di_repair,PAES,direct_index,repair,112,1.862743124991539,479.5,149.66504081613704,40,324256.4431036393,150.17582818123418,117.67467022810575,1.0890864726749587
4,paes_di_repair,PAES,direct_index,repair,113,1.893564250000054,274.5,88.0965405349166,40,237409.96726158806,89.01328302881393,92.33556003368649,1.2159594403938054
4,paes_di_repair,PAES,direct_index,repair,114,1.8461368749995017,225.5,87.49118292223565,40,111349.74331079988,64.41760366150707,59.703240804720906,1.1517660776386154
4,paes_di_repair,PAES,direct_index,repair,115,1.884550707996823,530.5,88.34428536688384,40,256759.30487827968,169.4962729889299,140.57674518229712,1.155454750201991
4,paes_di_repair,PAES,direct_index,repair,116,1.8610004169895547,416.5,71.78735003469333,40,125672.0925103406,103.14289965399819,55.715324073599,1.2199684333814012
4,paes_di_repair,PAES,direct_index,repair,117,1.9348812499956694,377.5,120.17862451150356,40,129593.58666747557,115.82290013870274,163.13566852460926,1.3586506956957005
4,paes_di_repair,PAES,direct_index,repair,118,1.8503776659927098,179.5,112.73466272148266,40,425866.24818290665,71.42219121269606,137.10310874243237,1.1696652940361045
4,paes_di_repair,PAES,direct_index,repair,119,1.8056063340045512,364.5,122.35511873381837,40,80718.05973546772,100.56045333799972,42.214668987977866,1.1941377885374234
4,paes_di_repair,PAES,direct_index,repair,120,1.9037897079979302,537.5,98.82972503636562,40,97844.57447298536,179.13257544335897,165.64603238707156,1.3590465364843953
4,paes_di_repair,PAES,direct_index,repair,121,1.8914667079952778,368.5,59.520939850803245,40,275768.9320365225,57.393434362714714,107.72869345767538,1.2247532269508115
4,paes_di_repair,PAES,direct_index,repair,122,1.856436667003436,168.5,138.13594273134777,40,165962.89891354684,62.207908178195694,119.94996119552515,1.2690929231769903
4,paes_di_repair,PAES,direct_index,repair,123,1.6835022500017658,239.5,110.59083697723845,32,174423.32710862323,82.37060972883066,172.36385741127222,1.2696501730457233
4,paes_di_repair,PAES,direct_index,repair,124,1.9097615420032525,312.5,116.08426186226704,40,259386.88191447547,80.66262012066785,208.14609105612658,1.1823659453096407
4,paes_di_repair,PAES,direct_index,repair,125,1.9543491669901414,319.5,144.8083945577957,40,397289.7715832938,96.1556640787005,214.08574839755994,1.2004728612890607
4,paes_di_repair,PAES,direct_index,repair,126,1.8054830000037327,286.5,95.5416047454857,32,342185.5917911168,80.93499506587642,241.9901903101494,1.2114050827691814
4,paes_di_repair,PAES,direct_index,repair,127,1.855251250002766,218.5,112.3409953305983,40,81520.4545675506,81.8874598508882,59.46606092246137,1.3663873801540731
4,paes_di_repair,PAES,direct_index,repair,128,1.8309847920027096,517.5,71.40381552713299,40,171981.66117342457,151.58098196949416,75.49169084441581,1.1320737392957056
4,paes_di_repair,PAES,direct_index,repair,129,1.7896952090086415,247.5,141.75118353330197,32,219144.33483929816,81.06727750002311,77.8592172568308,0.9990249665697056
4,mopso_rk,MOPSO,random_key,none,100,0.3601029160054168,411.5,144.61930787445948,34,137016.6744146688,139.59868892424794,178.6190252837771,1.2691539820794902
4,mopso_rk,MOPSO,random_key,none,101,0.366232125001261,553.5,100.31169016745791,28,53830.39937325449,250.53325089954149,278.7314216189908,1.3197295639533981
4,mopso_rk,MOPSO,random_key,none,102,0.3483258750056848,557.5,113.32649579296341,12,30669.471507944796,207.91895482122442,101.19402250508028,0.877620754182278
4,mopso_rk,MOPSO,random_key,none,103,0.3586315409920644,615.5,178.14151454694502,14,346438.5316715164,261.07671997951843,399.0456230444353,1.0276289334024866
4,mopso_rk,MOPSO,random_key,none,104,0.41769208300684113,506.5,161.19581974120894,62,138503.32537638518,200.09044034123352,108.53006995686248,1.3949148561973774
4,mopso_rk,MOPSO,random_key,none,105,0.34617895900737494,662.5,129.59705971867808,8,124218.74066598013,265.02421021992564,250.27874360514352,0.7524898403636403
4,mopso_rk,MOPSO,random_key,none,106,0.3610918749909615,511.5,117.37947662645291,36,93224.18496875736,163.0842848641213,59.701124047628134,1.212455817750043
4,mopso_rk,MOPSO,random_key,none,107,0.3592221669969149,758.5,134.59063302015852,11,199514.9151956483,318.0719911375537,151.74759401471073,0.7938317892012604
4,mopso_rk,MOPSO,random_key,none,108,0.3401043329940876,553.5,160.93286589941508,11,351105.10986471263,211.71575146812154,673.109500750702,1.080425573711076
4,mopso_rk,MOPSO,random_key,none,109,0.3639967499912018,556.5,114.43579455929967,34,63068.63216567422,253.10978910782646,156.5729534209225,1.2035463275255853
4,mopso_rk,MOPSO,random_key,none,110,0.4547522500070045,748.5,117.97589922245079,59,140600.02373776792,330.93448602687647,105.89612561799284,1.2903591373185486
4,mopso_rk,MOPSO,random_key,none,111,0.351345292001497,529.5,148.38305393589775,6,167181.58083380683,209.37318032418958,339.5207471232212,0.6772014382447247
4,mopso_rk,MOPSO,random_key,none,112,0.3490372080123052,673.5,118.81909398795099,11,234130.5544290821,262.18512726471323,214.68628489030218,0.9165699602501152
4,mopso_rk,MOPSO,random_key,none,113,0.4342426250077551,626.5,156.0020730080331,52,130882.50721509603,270.682938311743,115.44047739822823,1.323707034679014
4,mopso_rk,MOPSO,random_key,none,114,0.3591619590006303,455.5,182.38326907403072,13,188086.5082254876,172.84113595774267,97.51242524315276,0.6979048828077073
4,mopso_rk,MOPSO,random_key,none,115,0.3726346250041388,508.5,169.89577079557762,29,213097.59713398165,197.53634234200453,156.05060351169146,1.0872233089002332
4,mopso_rk,MOPSO,random_key,none,116,0.3751008749968605,466.5,159.5394755044156,22,238213.80783413167,180.63580300087804,198.23190193073472,1.068066409850356
4,mopso_rk,MOPSO,random_key,none,117,0.35504699999000877,501.5,175.81018825573975,6,178087.6389950205,192.80245834770184,361.06252535085986,0.8125271530794292
4,mopso_rk,MOPSO,random_key,none,118,0.3486915410030633,584.5,177.42662638675796,21,98186.34637964994,237.2520655010416,62.392896280234616,0.9763892248076464
4,mopso_rk,MOPSO,random_key,none,119,0.36916641698917374,278.5,236.1319491645876,16,311514.4992608738,145.8784925408155,151.50614039057257,0.9028574874523535
4,mopso_rk,MOPSO,random_key,none,120,0.3507031250046566,293.5,118.78295075683067,16,57016.245346960364,106.0464086251057,95.85789292496932,0.9035089868072074
4,mopso_rk,MOPSO,random_key,none,121,0.34409483399940655,492.5,163.34376884844096,10,242238.70272863397,171.0031842067898,244.5109806006432,0.8806633966618053
4,mopso_rk,MOPSO,random_key,none,122,0.35578120801073965,495.5,163.45135914719708,11,140739.2454724603,185.74709188485346,108.65524298207575,0.7682305452976063
4,mopso_rk,MOPSO,random_key,none,123,0.3419844589952845,505.5,105.21190145982882,13,46704.25481043261,194.99926161138896,294.98067207431984,1.1670482056882159
4,mopso_rk,MOPSO,random_key,none,124,0.34560637500544544,892.5,148.83885074268153,7,161133.302160513,435.0658546420693,89.39866506950929,0.717507385117973
4,mopso_rk,MOPSO,random_key,none,125,0.3446464580047177,733.5,105.84924060325415,15,68216.11462845483,304.8539466396194,256.6013633166352,1.1724845429360191
4,mopso_rk,MOPSO,random_key,none,126,0.34411437500966713,473.5,145.0853890587376,8,109051.96507121046,168.87758794593134,172.25504244149343,0.7433754420338031
4,mopso_rk,MOPSO,random_key,none,127,0.39045712498773355,472.5,193.85302730375082,40,124090.1294278096,214.52565290641547,81.90873617582795,1.232233665404618
4,mopso_rk,MOPSO,random_key,none,128,0.37626787499175407,419.5,112.06882522703073,31,84009.45722305708,129.23460532952237,142.98090738730002,1.2508847766713185
4,mopso_rk,MOPSO,random_key,none,129,0.349707708999631,550.5,151.0892633015186,12,197174.43621775636,202.81982235784892,222.2271036662726,0.8936220921202815
4,paco_di,P-ACO,direct_index,none,100,33.40861129100085,633.5,160.43935338012315,11,132004.43999228478,264.91728396321537,130.95472654948722,0.7900762188859767
4,paco_di,P-ACO,direct_index,none,101,33.36648604199581,440.5,176.00809062531866,11,350923.86758338293,184.37536926728768,590.4737720493118,0.9900053454208296
4,paco_di,P-ACO,direct_index,none,102,33.51620341700618,758.5,115.0265459314967,6,98540.9527361561,342.18373965393516,285.5192775731031,0.8783797016122455
4,paco_di,P-ACO,direct_index,none,103,33.433796375000384,704.5,184.3919408895808,10,381924.18869406707,313.6281152962074,715.8510722472276,1.0212483098530716
4,paco_di,P-ACO,direct_index,none,104,33.427081166999415,531.5,286.2523270712142,9,720921.2229221575,263.64693328354906,685.6555902236619,0.9991776327123849
4,paco_di,P-ACO,direct_index,none,105,33.36226487500244,599.5,241.30944179899603,9,231873.4689126435,273.9679806201659,172.35077638363728,0.874337816271141
4,paco_di,P-ACO,direct_index,none,106,33.620403250009986,709.5,150.57698082579503,9,138614.11614721394,317.66855789455155,297.87520366951657,0.9196564820213649
4,paco_di,P-ACO,direct_index,none,107,33.50245754199568,581.5,218.21649584870877,12,194241.60849361835,255.78221958767543,135.91241470376164,0.8264253486779054
4,paco_di,P-ACO,direct_index,none,108,33.444876541005215,619.5,154.13365744591317,10,219198.32874669743,257.7202703383848,327.9277477770579,0.8070328611798288
4,paco_di,P-ACO,direct_index,none,109,33.491279584006406,597.5,168.04921752826775,10,238057.4760045578,242.34480127578342,264.48822948286096,0.7710646106949715
4,paco_di,P-ACO,direct_index,none,110,33.500670499997796,575.5,162.11505949799647,9,83697.16645247935,243.5653771843285,113.01469290693711,0.745509374680604
4,paco_di,P-ACO,direct_index,none,111,33.50149887500447,604.5,170.77534191015457,8,133836.68435697802,249.09731558031814,113.10896787660273,0.6504107287878903
4,paco_di,P-ACO,direct_index,none,112,33.44965175000834,582.5,190.11127436329244,8,312984.94405447145,246.65131668442024,685.7882351169283,1.0122955763764103
4,paco_di,P-ACO,direct_index,none,113,33.43335379099881,615.5,143.21359961068572,5,64749.47902512062,285.10914537275414,234.48344630089755,0.7343649121099538
4,paco_di,P-ACO,direct_index,none,114,33.457410499991965,514.5,217.1529393198827,10,248944.81905422476,215.5444766253278,229.6111281124465,0.7849604704257273
4,paco_di,P-ACO,direct_index,none,115,33.61763341700134,796.5,99.35505939016781,4,209548.42218549803,359.9652807387351,418.1089710748262,0.7384597041072672
4,paco_di,P-ACO,direct_index,none,116,33.50800825000624,563.5,154.35304808965364,8,145947.42488669493,223.03962995034726,370.48601999756755,0.8558917487200973
4,paco_di,P-ACO,direct_index,none,117,33.55484358301328,677.5,114.48848706196537,6,45041.287027970466,279.97081832175365,108.80635658907377,0.6088225055540603
4,paco_di,P-ACO,direct_index,none,118,33.508617416999186,664.5,200.09893806952795,13,323746.28638683946,292.5944463034965,157.36653973192801,0.8896061770609378
4,paco_di,P-ACO,direct_index,none,119,33.61125095898751,728.5,157.39393649282852,8,235588.0511524122,329.04739981953276,721.7312915883479,1.0495482241588128
4,paco_di,P-ACO,direct_index,none,120,33.37142162499367,746.5,184.63774753715524,10,231145.68969693044,337.37035115225586,152.39310061837634,0.7452508592081974
4,paco_di,P-ACO,direct_index,none,121,33.48374408300151,609.5,231.1470793437778,7,402082.07138341933,286.1846812152314,276.4842166434214,0.6769452465631605
4,paco_di,P-ACO,direct_index,none,122,33.55051120900316,554.5,163.58211521445023,8,82035.16470186967,222.8454120882358,139.89722949946108,0.7556687844395424
4,paco_di,P-ACO,direct_index,none,123,33.57218204200035,684.5,155.1739597650892,10,186721.54811292826,291.0312884115616,237.44641685193662,0.7747741206793928
4,paco_di,P-ACO,direct_index,none,124,33.37394962500548,789.5,150.1685166091031,11,565777.5011010136,355.8029438806422,415.8893044748899,0.8963652544463625
4,paco_di,P-ACO,direct_index,none,125,33.468024792004144,359.5,156.75454869380016,8,137373.62953401994,149.0893491495314,307.49619090358203,0.8424863562499123
4,paco_di,P-ACO,direct_index,none,126,33.40001491599833,739.5,207.707791861638,9,196165.89882090085,336.94560119654545,192.154720222618,0.8991821062710778
4,paco_di,P-ACO,direct_index,none,127,33.58221449999837,631.5,122.01488204808108,9,74657.77118032858,301.95450912122175,256.5559540008556,0.8867678291552786
4,paco_di,P-ACO,direct_index,none,128,33.421985583001515,609.5,143.21147922600466,8,144779.20842424536,230.41043080055923,155.86332861820208,0.7263467829199652
4,paco_di,P-ACO,direct_index,none,129,33.50077966701065,525.5,182.44967077207204,6,234351.4867799649,252.001878576857,478.2257131960238,0.8598486402054418
5,nsga2_di_repair,NSGA-II,direct_index,repair,100,1.3417958750069374,230.70000000000005,123.96878303625938,80,377303.2390024055,66.58857448724802,66.96527264289985,0.8410024182753659
5,nsga2_di_repair,NSGA-II,direct_index,repair,101,1.351741459002369,305.10000000000014,81.04586770254288,80,266672.4916060344,61.51388650352129,31.258974777247097,0.7016703396448415
5,nsga2_di_repair,NSGA-II,direct_index,repair,102,1.3474210419954034,306.89999999999986,119.53298721713566,80,213724.92313082868,75.63935766434928,26.684091502005053,0.7090740626036253
5,nsga2_di_repair,NSGA-II,direct_index,repair,103,1.361124540999299,286.4999999999998,146.76554707806838,80,260363.70122020788,77.94966033049427,35.23624370511692,0.7498593957248065
5,nsga2_di_repair,NSGA-II,direct_index,repair,104,1.32926483299525,322.4999999999998,88.57676525575386,80,405516.0537910373,69.08611808454762,55.61792261145415,0.8338537417795211
5,nsga2_di_repair,NSGA-II,direct_index,repair,105,1.3691268749971641,210.50000000000023,138.25205934500778,80,360505.23391759634,52.74627962474144,63.36460628916606,0.8234268521299428
5,nsga2_di_repair,NSGA-II,direct_index,repair,106,1.3503037909977138,279.70000000000005,105.53974425125087,80,257797.70404106015,58.9520656725017,40.19628698838169,0.8045430449789059
5,nsga2_di_repair,NSGA-II,direct_index,repair,107,1.3436755830043694,231.70000000000005,105.14281316894596,80,314590.70243919065,47.4754872707257,65.07982146453124,0.9016781779829105
5,nsga2_di_repair,NSGA-II,direct_index,repair,108,1.3223366249876563,384.4999999999998,86.66556737766125,80,332109.99788341904,107.45506149000639,40.45977274533717,0.814453835280343
5,nsga2_di_repair,NSGA-II,direct_index,repair,109,1.3323233330011135,302.29999999999995,135.42614637607286,80,262142.84577759213,84.10729225134948,23.830134480160023,0.6365978147693337
5,nsga2_di_repair,NSGA-II,direct_index,repair,110,1.3473056249931687,183.49999999999977,125.95441770612427,80,357517.80307391624,45.54473742777688,69.77445084865191,0.8631782163374481
5,nsga2_di_repair,NSGA-II,direct_index,repair,111,1.3480833329958841,257.70000000000005,98.85910952503257,80,366972.37226821686,56.47775018179424,59.78519683115629,0.7956054757328636
5,nsga2_di_repair,NSGA-II,direct_index,repair,112,1.339291416996275,275.89999999999986,101.68764595043278,80,379119.6175135751,58.425709227725186,102.89591007974077,0.825991269563143
5,nsga2_di_repair,NSGA-II,direct_index,repair,113,1.3569585420045769,198.89999999999986,146.33273012451258,80,370697.3352393528,48.050560677764985,84.24332791733256,0.8255632553945268
5,nsga2_di_repair,NSGA-II,direct_index,repair,114,1.3454857920005452,198.29999999999995,141.4971557995872,80,275374.6852804212,54.56706505371309,32.36235732594155,0.7060993258149585
5,nsga2_di_repair,NSGA-II,direct_index,repair,115,1.356345499996678,352.29999999999995,121.79212490000523,80,243981.94418638502,100.62089226687864,45.87261356356511,0.7799295462027979
5,nsga2_di_repair,NSGA-II,direct_index,repair,116,1.3385084590117913,328.70000000000005,93.47408993600507,80,371115.10142736486,83.48790665277113,62.07951896171341,0.7566358820461047
5,nsga2_di_repair,NSGA-II,direct_index,repair,117,1.3385079580039019,355.29999999999995,118.9141500869131,80,301562.4775617755,95.91554428408278,37.146035874114375,0.7203317586734409
5,nsga2_di_repair,NSGA-II,direct_index,repair,118,1.3581103749893373,351.10000000000014,89.13091696055797,80,538689.5518864124,87.24733578738423,106.2593201700471,0.8192726158362491
5,nsga2_di_repair,NSGA-II,direct_index,repair,119,1.3405156249937136,275.10000000000014,88.61804767082737,80,239621.86712349227,65.9714777506759,33.727927504056275,0.6999006728847816
5,nsga2_di_repair,NSGA-II,direct_index,repair,120,1.3436770410044119,393.70000000000005,78.24033163843845,80,302824.3125290862,110.46791797019891,34.148154027645056,0.6955254397832781
5,nsga2_di_repair,NSGA-II,direct_index,repair,121,1.3490313750080531,367.10000000000014,104.2419311876588,80,338241.14677766775,103.60810557353868,39.47880710828384,0.7969631130417967
5,nsga2_di_repair,NSGA-II,direct_index,repair,122,1.3519460420066025,339.29999999999995,105.72264534578831,80,392420.5473186242,82.39656093470651,41.0748465354889,0.7742289257678483
5,nsga2_di_repair,NSGA-II,direct_index,repair,123,1.3505385419994127,175.89999999999986,114.92756361812285,80,318222.7311802553,40.871743941286546,59.11226096056941,0.7600094637352378
5,nsga2_di_repair,NSGA-II,direct_index,repair,124,1.3374625829892466,307.29999999999995,85.9956031123998,80,283412.3555310741,68.08687237024827,28.612657152532393,0.7280087029138079
5,nsga2_di_repair,NSGA-II,direct_index,repair,125,1.3389277909882367,190.89999999999986,157.04939796879614,80,485116.3977124582,55.262955383434395,152.2619306134948,0.9938089546997911
5,nsga2_di_repair,NSGA-II,direct_index,repair,126,1.360535500003607,300.10000000000014,133.88428428938377,80,568043.939000061,82.37904502494321,53.01099680345556,0.8702835370022887
5,nsga2_di_repair,NSGA-II,direct_index,repair,127,1.3744252920005238,206.29999999999995,108.26715480821616,80,333081.15584468446,53.772837084177915,32.018037326135904,0.722055456339318
5,nsga2_di_repair,NSGA-II,direct_index,repair,128,1.3469828340021195,335.89999999999986,79.20273690138217,80,265597.465081791,70.80147693637917,79.45531610011521,0.8243157289981576
5,nsga2_di_repair,NSGA-II,direct_index,repair,129,1.332667083988781,293.29999999999995,110.2843044181912,80,175979.57877005695,72.5920335298896,25.61884370869434,0.6950770892662986
5,nsga2_rk_repair,NSGA-II,random_key,repair,100,1.4129844999988563,135.50000000000023,119.22048295523385,80,252674.61345840426,31.85244661626999,32.84622829827048,0.7436906544115248
5,nsga2_rk_repair,NSGA-II,random_key,repair,101,1.4193086250015767,157.29999999999995,88.33260026547823,80,182562.17753185783,27.426957495639332,28.28570353320212,0.736253655555971
5,nsga2_rk_repair,NSGA-II,random_key,repair,102,1.416912708999007,316.89999999999986,92.01335184068249,80,194004.36992797098,70.8322479334133,26.285968037091326,0.7274994423844559
5,nsga2_rk_repair,NSGA-II,random_key,repair,103,1.4048064999951748,198.10000000000014,128.83831960166853,80,146589.0460598435,39.540405956728875,16.06452808020263,0.5775470656025042
5,nsga2_rk_repair,NSGA-II,random_key,repair,104,1.4323163329972886,245.89999999999986,124.96094225156718,80,303346.73341673065,57.03960747502807,54.75932154533447,0.8297599428245884
5,nsga2_rk_repair,NSGA-II,random_key,repair,105,1.4261750840087188,202.10000000000014,130.7300180070611,80,378199.20794901747,48.857241149626915,40.71334726141261,0.7311155676596701
5,nsga2_rk_repair,NSGA-II,random_key,repair,106,1.4130821250000736,255.70000000000005,116.44429808684559,80,186489.76469753686,52.78969670753579,31.04328733004585,0.7793083803049731
5,nsga2_rk_repair,NSGA-II,random_key,repair,107,1.4102258750062902,168.70000000000005,152.82505998330421,80,220181.11666184993,54.11073081325762,28.043670125054014,0.7330506474566897
5,nsga2_rk_repair,NSGA-II,random_key,repair,108,1.4172448330064071,264.70000000000005,96.2911517382615,80,423799.2178986097,56.37503821400853,65.79309964659267,0.9239711676703001
5,nsga2_rk_repair,NSGA-II,random_key,repair,109,1.4136541250045411,186.29999999999995,110.03178445358611,80,224008.27799284845,30.871872003298076,30.783140652299338,0.7454836595569955
5,nsga2_rk_repair,NSGA-II,random_key,repair,110,1.4098828749993118,210.29999999999995,127.72863257941606,80,371012.74252995074,41.368585115512886,64.00233807556138,0.8445870759792697
5,nsga2_rk_repair,NSGA-II,random_key,repair,111,1.426603709012852,131.10000000000014,121.96739323786744,80,227470.66437127272,32.573350919645975,23.582599567388407,0.6692964689659164
5,nsga2_rk_repair,NSGA-II,random_key,repair,112,1.4167792500084033,188.10000000000014,121.17067578081996,80,186941.78588514676,36.95030747682798,40.95632063438171,0.8032366613335002
5,nsga2_rk_repair,NSGA-II,random_key,repair,113,1.4256901659973664,244.29999999999995,102.54442259216151,80,175544.11862703375,50.124612370581204,27.30794793121743,0.7694332619313377
5,nsga2_rk_repair,NSGA-II,random_key,repair,114,1.413194166001631,215.89999999999986,156.42250569083436,80,302253.9515053962,49.52167910579322,39.433834642586724,0.7890083642466672
5,nsga2_rk_repair,NSGA-II,random_key,repair,115,1.4163110840017907,271.70000000000005,112.7291779483422,80,184451.17708217233,63.41646968823087,42.05030473926694,0.7453829761499291
5,nsga2_rk_repair,NSGA-II,random_key,repair,116,1.4350524589972338,231.10000000000014,131.69838495180713,80,471398.19080589345,49.94775598605139,106.02474248597682,0.8735362128110757
5,nsga2_rk_repair,NSGA-II,random_key,repair,117,1.4400835420092335,289.29999999999995,89.58530914136882,80,486412.58113195404,62.39672169159618,48.20016915084277,0.8316968757603458
5,nsga2_rk_repair,NSGA-II,random_key,repair,118,1.4086308339901734,282.29999999999995,83.21315117492816,80,228854.65637576347,48.9412079202967,35.45018208622199,0.853239574758409
5,nsga2_rk_repair,NSGA-II,random_key,repair,119,1.4061159169941675,283.70000000000005,109.8608033011662,80,233307.172997107,59.34516424247619,34.17614735103105,0.793495433613106
5,nsga2_rk_repair,NSGA-II,random_key,repair,120,1.4055197080015205,169.49999999999977,121.33024410788916,80,332892.70271915826,30.45207566307364,73.58829396660528,0.8521357836876494
5,nsga2_rk_repair,NSGA-II,random_key,repair,121,1.4229327909997664,194.89999999999986,126.09943262749411,80,296361.63857852074,50.299154281424364,31.030665250764187,0.721006858349894
5,nsga2_rk_repair,NSGA-II,random_key,repair,122,1.3840758750011446,157.29999999999995,97.20010385896074,80,307437.1154976131,28.15899375466568,41.81204438333523,0.7922360476549394
5,nsga2_rk_repair,NSGA-II,random_key,repair,123,1.4254116249940125,113.29999999999995,112.55620043157603,80,200121.58022135688,22.605789622672795,26.90028127725565,0.6925094710690213
5,nsga2_rk_repair,NSGA-II,random_key,repair,124,1.4367467920092167,136.70000000000005,103.02397364371512,80,276885.51552266756,33.735936268157765,43.19618235690228,0.86020040868632
5,nsga2_rk_repair,NSGA-II,random_key,repair,125,1.4081548340036534,213.29999999999995,72.25916915767715,80,389410.9260941699,37.209161492643545,90.39910516747382,0.9819171434119146
5,nsga2_rk_repair,NSGA-II,random_key,repair,126,1.4121365409955615,237.29999999999995,118.61902058634942,80,236761.54225569565,50.0522530229659,34.0295174284518,0.6968284067032523
5,nsga2_rk_repair,NSGA-II,random_key,repair,127,1.3993822500051465,159.70000000000005,127.31685717420521,80,416864.65621081815,36.410602413426744,80.86903505942686,0.8787768827751695
5,nsga2_rk_repair,NSGA-II,random_key,repair,128,1.3878109580109594,156.49999999999977,146.11529493594787,80,206247.385899597,44.20456843786211,31.31713391824113,0.7416629937985713
5,nsga2_rk_repair,NSGA-II,random_key,repair,129,1.4464570419950178,268.5000000000002,84.56503923081831,80,263474.7626505683,60.617940644964555,41.96439855512573,0.846450469770725
5,nsga2_di_penalty,NSGA-II,direct_index,penalty,100,2.698189832997741,230.70000000000005,123.96878303625938,80,377303.2390024055,66.58857448724802,66.96527264289985,0.8410024182753659
5,nsga2_di_penalty,NSGA-II,direct_index,penalty,101,2.6569687080045696,305.10000000000014,81.04586770254288,80,266672.4916060344,61.51388650352129,31.258974777247097,0.7016703396448415
5,nsga2_di_penalty,NSGA-II,direct_index,penalty,102,2.6836637090018485,306.89999999999986,119.53298721713566,80,213724.92313082868,75.63935766434928,26.684091502005053,0.7090740626036253
5,nsga2_di_penalty,NSGA-II,direct_index,penalty,103,2.7365688340069028,286.4999999999998,146.76554707806838,80,260363.70122020788,77.94966033049427,35.23624370511692,0.7498593957248065
5,nsga2_di_penalty,NSGA-II,direct_index,penalty,104,2.638266499998281,322.4999999999998,88.57676525575386,80,405516.0537910373,69.08611808454762,55.61792261145415,0.8338537417795211
5,nsga2_di_penalty,NSGA-II,direct_index,penalty,105,2.696240207995288,210.50000000000023,138.25205934500778,80,360505.23391759634,52.74627962474144,63.36460628916606,0.8234268521299428
5,nsga2_di_penalty,NSGA-II,direct_index,penalty,106,2.705335249993368,279.70000000000005,105.53974425125087,80,257797.70404106015,58.9520656725017,40.19628698838169,0.8045430449789059
5,nsga2_di_penalty,NSGA-II,direct_index,penalty,107,2.6927947090007365,231.70000000000005,105.14281316894596,80,314590.70243919065,47.4754872707257,65.07982146453124,0.9016781779829105
5,nsga2_di_penalty,NSGA-II,direct_index,penalty,108,2.631909791001817,384.4999999999998,86.66556737766125,80,332109.99788341904,107.45506149000639,40.45977274533717,0.814453835280343
5,nsga2_di_penalty,NSGA-II,direct_index,penalty,109,2.628189457987901,302.29999999999995,135.42614637607286,80,262142.84577759213,84.10729225134948,23.830134480160023,0.6365978147693337
5,nsga2_di_penalty,NSGA-II,direct_index,penalty,110,2.687984457996208,183.49999999999977,125.95441770612427,80,357517.80307391624,45.54473742777688,69.77445084865191,0.8631782163374481
5,nsga2_di_penalty,NSGA-II,direct_index,penalty,111,2.6582632080098847,257.70000000000005,98.85910952503257,80,366972.37226821686,56.47775018179424,59.78519683115629,0.7956054757328636
5,nsga2_di_penalty,NSGA-II,direct_index,penalty,112,2.7340861249977024,275.89999999999986,101.68764595043278,80,379119.6175135751,58.425709227725186,102.89591007974077,0.825991269563143
5,nsga2_di_penalty,NSGA-II,direct_index,penalty,113,2.6958638329961104,198.89999999999986,146.33273012451258,80,370697.3352393528,48.050560677764985,84.24332791733256,0.8255632553945268
5,nsga2_di_penalty,NSGA-II,direct_index,penalty,114,2.7511201669985894,198.29999999999995,141.4971557995872,80,275374.6852804212,54.56706505371309,32.36235732594155,0.7060993258149585
5,nsga2_di_penalty,NSGA-II,direct_index,penalty,115,2.7072540420049336,352.29999999999995,121.79212490000523,80,243981.94418638502,100.62089226687864,45.87261356356511,0.7799295462027979
5,nsga2_di_penalty,NSGA-II,direct_index,penalty,116,2.6322371669957647,328.70000000000005,93.47408993600507,80,371115.10142736486,83.48790665277113,62.07951896171341,0.7566358820461047
5,nsga2_di_penalty,NSGA-II,direct_index,penalty,117,2.6833150839956943,355.29999999999995,118.9141500869131,80,301562.4775617755,95.91554428408278,37.146035874114375,0.7203317586734409
5,nsga2_di_penalty,NSGA-II,direct_index,penalty,118,2.6451118330005556,351.10000000000014,89.13091696055797,80,538689.5518864124,87.24733578738423,106.2593201700471,0.8192726158362491
5,nsga2_di_penalty,NSGA-II,direct_index,penalty,119,2.624068624994834,275.10000000000014,88.61804767082737,80,239621.86712349227,65.9714777506759,33.727927504056275,0.6999006728847816
5,nsga2_di_penalty,NSGA-II,direct_index,penalty,120,2.706154665997019,393.70000000000005,78.24033163843845,80,302824.3125290862,110.46791797019891,34.148154027645056,0.6955254397832781
5,nsga2_di_penalty,NSGA-II,direct_index,penalty,121,2.701252041995758,367.10000000000014,104.2419311876588,80,338241.14677766775,103.60810557353868,39.47880710828384,0.7969631130417967
5,nsga2_di_penalty,NSGA-II,direct_index,penalty,122,2.7522449160023825,339.29999999999995,105.72264534578831,80,392420.5473186242,82.39656093470651,41.0748465354889,0.7742289257678483
5,nsga2_di_penalty,NSGA-II,direct_index,penalty,123,2.727054874994792,175.89999999999986,114.92756361812285,80,318222.7311802553,40.871743941286546,59.11226096056941,0.7600094637352378
5,nsga2_di_penalty,NSGA-II,direct_index,penalty,124,2.632247583998833,307.29999999999995,85.9956031123998,80,283412.3555310741,68.08687237024827,28.612657152532393,0.7280087029138079
5,nsga2_di_penalty,NSGA-II,direct_index,penalty,125,2.6345531249971827,190.89999999999986,157.04939796879614,80,485116.3977124582,55.262955383434395,152.2619306134948,0.9938089546997911
5,nsga2_di_penalty,NSGA-II,direct_index,penalty,126,2.6577065829915227,300.10000000000014,133.88428428938377,80,568043.939000061,82.37904502494321,53.01099680345556,0.8702835370022887
5,nsga2_di_penalty,NSGA-II,direct_index,penalty,127,2.685381374991266,206.29999999999995,108.26715480821616,80,333081.15584468446,53.772837084177915,32.018037326135904,0.722055456339318
5,nsga2_di_penalty,NSGA-II,direct_index,penalty,128,2.6989920839987462,335.89999999999986,79.20273690138217,80,265597.465081791,70.80147693637917,79.45531610011521,0.8243157289981576
5,nsga2_di_penalty,NSGA-II,direct_index,penalty,129,2.6574691249988973,293.29999999999995,110.2843044181912,80,175979.57877005695,72.5920335298896,25.61884370869434,0.6950770892662986
5,nsga2_di_death,NSGA-II,direct_index,death_penalty,100,2.71276808300172,230.70000000000005,123.96878303625938,80,377303.2390024055,66.58857448724802,66.96527264289985,0.8410024182753659
5,nsga2_di_death,NSGA-II,direct_index,death_penalty,101,2.7376121249981225,305.10000000000014,81.04586770254288,80,266672.4916060344,61.51388650352129,31.258974777247097,0.7016703396448415
5,nsga2_di_death,NSGA-II,direct_index,death_penalty,102,2.689968874998158,306.89999999999986,119.53298721713566,80,213724.92313082868,75.63935766434928,26.684091502005053,0.7090740626036253
5,nsga2_di_death,NSGA-II,direct_index,death_penalty,103,2.713799959004973,286.4999999999998,146.76554707806838,80,260363.70122020788,77.94966033049427,35.23624370511692,0.7498593957248065
5,nsga2_di_death,NSGA-II,direct_index,death_penalty,104,2.6290614580066176,322.4999999999998,88.57676525575386,80,405516.0537910373,69.08611808454762,55.61792261145415,0.8338537417795211
5,nsga2_di_death,NSGA-II,direct_index,death_penalty,105,2.6915095420117723,210.50000000000023,138.25205934500778,80,360505.23391759634,52.74627962474144,63.36460628916606,0.8234268521299428
5,nsga2_di_death,NSGA-II,direct_index,death_penalty,106,2.7318686669896124,279.70000000000005,105.53974425125087,80,257797.70404106015,58.9520656725017,40.19628698838169,0.8045430449789059
5,nsga2_di_death,NSGA-II,direct_index,death_penalty,107,2.6833590000023833,231.70000000000005,105.14281316894596,80,314590.70243919065,47.4754872707257,65.07982146453124,0.9016781779829105
5,nsga2_di_death,NSGA-II,direct_index,death_penalty,108,2.6815225000027567,384.4999999999998,86.66556737766125,80,332109.99788341904,107.45506149000639,40.45977274533717,0.814453835280343
5,nsga2_di_death,NSGA-II,direct_index,death_penalty,109,2.6854591659939615,302.29999999999995,135.42614637607286,80,262142.84577759213,84.10729225134948,23.830134480160023,0.6365978147693337
5,nsga2_di_death,NSGA-II,direct_index,death_penalty,110,2.6701482920034323,183.49999999999977,125.95441770612427,80,357517.80307391624,45.54473742777688,69.77445084865191,0.8631782163374481
5,nsga2_di_death,NSGA-II,direct_index,death_penalty,111,2.6409955830022227,257.70000000000005,98.85910952503257,80,366972.37226821686,56.47775018179424,59.78519683115629,0.7956054757328636
5,nsga2_di_death,NSGA-II,direct_index,death_penalty,112,2.707135834003566,275.89999999999986,101.68764595043278,80,379119.6175135751,58.425709227725186,102.89591007974077,0.825991269563143
5,nsga2_di_death,NSGA-II,direct_index,death_penalty,113,2.6835992079868447,198.89999999999986,146.33273012451258,80,370697.3352393528,48.050560677764985,84.24332791733256,0.8255632553945268
5,nsga2_di_death,NSGA-II,direct_index,death_penalty,114,2.7387859169975854,198.29999999999995,141.4971557995872,80,275374.6852804212,54.56706505371309,32.36235732594155,0.7060993258149585
5,nsga2_di_death,NSGA-II,direct_index,death_penalty,115,2.695709457999328,352.29999999999995,121.79212490000523,80,243981.94418638502,100.62089226687864,45.87261356356511,0.7799295462027979
5,nsga2_di_death,NSGA-II,direct_index,death_penalty,116,2.6676222079986474,328.70000000000005,93.47408993600507,80,371115.10142736486,83.48790665277113,62.07951896171341,0.7566358820461047
5,nsga2_di_death,NSGA-II,direct_index,death_penalty,117,2.750104958002339,355.29999999999995,118.9141500869131,80,301562.4775617755,95.91554428408278,37.146035874114375,0.7203317586734409
5,nsga2_di_death,NSGA-II,direct_index,death_penalty,118,2.6571522079902934,351.10000000000014,89.13091696055797,80,538689.5518864124,87.24733578738423,106.2593201700471,0.8192726158362491
5,nsga2_di_death,NSGA-II,direct_index,death_penalty,119,2.608461249998072,275.10000000000014,88.61804767082737,80,239621.86712349227,65.9714777506759,33.727927504056275,0.6999006728847816
5,nsga2_di_death,NSGA-II,direct_index,death_penalty,120,2.6716739170078654,393.70000000000005,78.24033163843845,80,302824.3125290862,110.46791797019891,34.148154027645056,0.6955254397832781
5,nsga2_di_death,NSGA-II,direct_index,death_penalty,121,2.6864302920002956,367.10000000000014,104.2419311876588,80,338241.14677766775,103.60810557353868,39.47880710828384,0.7969631130417967
5,nsga2_di_death,NSGA-II,direct_index,death_penalty,122,2.7384860839956673,339.29999999999995,105.72264534578831,80,392420.5473186242,82.39656093470651,41.0748465354889,0.7742289257678483
5,nsga2_di_death,NSGA-II,direct_index,death_penalty,123,2.7241989169997396,175.89999999999986,114.92756361812285,80,318222.7311802553,40.871743941286546,59.11226096056941,0.7600094637352378
5,nsga2_di_death,NSGA-II,direct_index,death_penalty,124,2.689949791005347,307.29999999999995,85.9956031123998,80,283412.3555310741,68.08687237024827,28.612657152532393,0.7280087029138079
5,nsga2_di_death,NSGA-II,direct_index,death_penalty,125,2.678640041005565,190.89999999999986,157.04939796879614,80,485116.3977124582,55.262955383434395,152.2619306134948,0.9938089546997911
5,nsga2_di_death,NSGA-II,direct_index,death_penalty,126,2.65734895899368,300.10000000000014,133.88428428938377,80,568043.939000061,82.37904502494321,53.01099680345556,0.8702835370022887
5,nsga2_di_death,NSGA-II,direct_index,death_penalty,127,2.665634582997882,206.29999999999995,108.26715480821616,80,333081.15584468446,53.772837084177915,32.018037326135904,0.722055456339318
5,nsga2_di_death,NSGA-II,direct_index,death_penalty,128,2.665463875004207,335.89999999999986,79.20273690138217,80,265597.465081791,70.80147693637917,79.45531610011521,0.8243157289981576
5,nsga2_di_death,NSGA-II,direct_index,death_penalty,129,2.642716542002745,293.29999999999995,110.2843044181912,80,175979.57877005695,72.5920335298896,25.61884370869434,0.6950770892662986
5,paes_di_repair,PAES,direct_index,repair,100,1.8198104170005536,209.10000000000014,78.2476457694152,40,198995.89234079997,57.186029672380734,78.9253267103352,1.0972065031294402
5,paes_di_repair,PAES,direct_index,repair,101,1.8840177499951096,212.10000000000014,103.35925933194494,40,133742.26002609255,67.2259475278318,53.28669382267873,1.0940785428796886
5,paes_di_repair,PAES,direct_index,repair,102,1.8897102500050096,228.89999999999986,67.55405491863613,40,272987.7662189981,39.585515665379305,78.22921306682196,1.2214598161894077
5,paes_di_repair,PAES,direct_index,repair,103,1.8603597080073087,237.10000000000014,106.72843184955086,40,74694.64469060073,61.67495049533921,78.66840859799962,1.2908528313243814
5,paes_di_repair,PAES,direct_index,repair,104,1.826624624998658,268.5000000000002,129.9027576014772,40,223591.43594892745,71.08591345529351,74.55379258876013,1.085146068244595
5,paes_di_repair,PAES,direct_index,repair,105,1.9013588329980848,299.29999999999995,106.95867681508076,40,120553.08459327498,114.09412736754669,46.982166380590215,1.0858551197151207
5,paes_di_repair,PAES,direct_index,repair,106,1.7701769999985117,119.29999999999995,122.0250088062642,26,335504.2824993573,61.05265475013897,197.22302567356533,0.959186904523692
5,paes_di_repair,PAES,direct_index,repair,107,1.7981047500070417,241.29999999999995,71.02054546038269,40,311181.9837887958,123.36092774096848,283.8975154958832,1.3005048850212004
5,paes_di_repair,PAES,direct_index,repair,108,1.8470890419994248,240.70000000000005,118.68897123257054,40,145178.09028048327,73.9847828322446,45.70172615989936,1.0923834264560446
5,paes_di_repair,PAES,direct_index,repair,109,1.784382292011287,235.10000000000014,96.43288365488483,23,342292.85345873924,55.4952447195333,274.65883170162147,1.0029793696606282
5,paes_di_repair,PAES,direct_index,repair,110,1.8894585840025684,288.10000000000014,76.41740316977338,40,42431.96530042531,137.61721867295108,25.58824343935605,1.1232479459008091
5,paes_di_repair,PAES,direct_index,repair,111,1.8688609160017222,163.70000000000005,92.53936563389226,40,113825.77044707368,50.491607084536454,60.10685400380529,1.1478046171893568
5,paes_di_repair,PAES,direct_index,repair,112,1.8151903339894488,268.70000000000005,119.98836281323761,40,156056.9562058597,82.00412192089182,89.97022872665954,1.1995591861488786
5,paes_di_repair,PAES,direct_index,repair,113,1.8251974580052774,222.70000000000005,83.34511878154655,36,351698.5734700662,96.493049186134,209.1985128835904,1.2020728471040893
5,paes_di_repair,PAES,direct_index,repair,114,1.854158957998152,449.5000000000002,92.6478620631808,40,61563.31487081872,173.54166760274794,43.59868846278136,1.2390526313876813
5,paes_di_repair,PAES,direct_index,repair,115,1.8680289589974564,228.89999999999986,97.81679626659955,40,78676.07097265185,47.98046071559199,64.21613895107967,1.1960667273905243
5,paes_di_repair,PAES,direct_index,repair,116,1.8547391669999342,222.70000000000005,117.70958086644706,40,266933.4739678405,57.226797116840146,118.99780895268373,1.1490791624773231
5,paes_di_repair,PAES,direct_index,repair,117,1.741829125006916,190.70000000000005,95.13564615046641,28,107680.31513349908,47.93178472364932,81.88595188931946,0.9471182709620752
5,paes_di_repair,PAES,direct_index,repair,118,1.766572874999838,198.10000000000014,105.35351905369103,28,484806.86524306703,104.53691283068615,399.0344940819749,1.3045486597267506
5,paes_di_repair,PAES,direct_index,repair,119,1.7914816660049837,238.49999999999977,109.36072945577894,21,504124.41591947956,58.668267538157004,202.61472372778152,0.9404848214997317
5,paes_di_repair,PAES,direct_index,repair,120,1.8432644160056952,445.29999999999995,72.93966677797764,40,20864.14701779913,156.28827053399323,74.14928727836316,1.3294966671054074
5,paes_di_repair,PAES,direct_index,repair,121,1.8675952500052517,384.10000000000014,104.52112443619906,40,81139.12785004763,130.76860611302695,92.39048783874175,1.2434026828064937
5,paes_di_repair,PAES,direct_index,repair,122,1.790597125000204,189.89999999999986,131.8771250882857,40,52036.26986103407,124.14877458419282,41.431347803694074,1.2110298844457728
5,paes_di_repair,PAES,direct_index,repair,123,1.8451976249925792,369.9000000000003,138.93429658830408,40,107857.67059675293,127.07563773866339,55.723256694069285,1.1662236978455718
5,paes_di_repair,PAES,direct_index,repair,124,1.7895669999998063,365.10000000000014,124.58478784939965,40,337365.87223382044,113.1810796769512,259.3028886848638,1.3307918549535565
5,paes_di_repair,PAES,direct_index,repair,125,1.8245998750062427,254.70000000000005,96.2780249833501,34,324543.2510042028,55.4362992164517,205.98818109172996,1.1859939889007285
5,paes_di_repair,PAES,direct_index,repair,126,1.7683205000066664,242.89999999999986,117.93211517758077,24,373939.96188349323,59.88077687597311,242.65674870290692,0.9952042076322131
5,paes_di_repair,PAES,direct_index,repair,127,1.7391541249962756,155.70000000000005,99.54182664475842,29,299158.58846299234,65.72805506077707,157.2262790114713,1.2363814529710735
5,paes_di_repair,PAES,direct_index,repair,128,1.8970103750034468,186.10000000000014,103.99565245599432,40,139884.77341117957,63.24376684969825,45.26643778238281,1.036729863378143
5,paes_di_repair,PAES,direct_index,repair,129,1.8334122080123052,315.10000000000014,92.52380958750544,40,103039.83103418612,85.05968870779853,62.34031454061256,1.2268973379378976
5,mopso_rk,MOPSO,random_key,none,100,0.3629490829916904,464.29999999999995,133.31206576735593,10,127939.88499667907,195.66379223297602,319.9370779726349,0.9461237713898153
5,mopso_rk,MOPSO,random_key,none,101,0.35462783300317824,495.70000000000005,156.25956522946296,7,57329.94452444324,213.0674761651806,85.59424924424594,0.6828777816077711
5,mopso_rk,MOPSO,random_key,none,102,0.3733184999873629,359.10000000000014,136.1972878477276,39,77813.92394051973,128.65626473944002,81.91375391118557,1.3246675264670222
5,mopso_rk,MOPSO,random_key,none,103,0.35267454200948123,548.3,135.6379490930109,14,219606.54150576412,220.62363564301424,154.50330797062992,0.8482691517335158
5,mopso_rk,MOPSO,random_key,none,104,0.3540896249905927,523.7,203.8314381647416,17,105610.62429407648,244.4378668169416,85.57804622400513,0.9655180016129798
5,mopso_rk,MOPSO,random_key,none,105,0.3603741669940064,327.29999999999995,160.02890737490185,33,105302.3011404868,117.64522194973581,83.35977955190249,1.3864096082860558
5,mopso_rk,MOPSO,random_key,none,106,0.35032366699306294,479.10000000000014,126.66720400129564,17,115592.32120717448,178.85761660182902,118.80980203739108,1.1877357747637916
5,mopso_rk,MOPSO,random_key,none,107,0.35485491700819694,479.89999999999986,119.47552151640402,16,27979.70007321598,193.58986321963832,106.83081264332118,1.1877774698920796
5,mopso_rk,MOPSO,random_key,none,108,0.3496385000034934,589.7,158.25304877381944,8,107965.08305833403,268.3261961809982,191.49207405414126,0.8531765000200092
5,mopso_rk,MOPSO,random_key,none,109,0.34182699999655597,555.3,109.67443450766054,14,193919.13306703302,238.030250192623,185.18506773308073,1.0932459853181549
5,mopso_rk,MOPSO,random_key,none,110,0.353860707997228,414.29999999999995,179.12372496911402,20,169391.3845285244,191.36591795440384,162.18257036747332,1.1744010500750766
5,mopso_rk,MOPSO,random_key,none,111,0.34945675000199117,467.10000000000014,131.69926255737602,10,150215.52207084346,179.71915991049215,181.17017646918362,0.6975687049179936
5,mopso_rk,MOPSO,random_key,none,112,0.35918712501006667,546.8999999999999,79.30883243683604,4,64639.607624180535,245.79083541670082,243.26481608302396,0.8091019523458061
5,mopso_rk,MOPSO,random_key,none,113,0.3382886249892181,414.29999999999995,114.2827281518672,4,45860.73278060769,179.96639930766716,529.4325637617675,0.8006046206806166
5,mopso_rk,MOPSO,random_key,none,114,0.3450411670055473,503.89999999999986,82.9042904389255,7,123315.01148228704,191.2650665759309,152.20442114312547,0.7353711072575907
5,mopso_rk,MOPSO,random_key,none,115,0.346789750008611,435.70000000000005,200.18252434611426,5,151254.92862022077,203.86900779024086,250.59655704830243,0.6561016627300534
5,mopso_rk,MOPSO,random_key,none,116,0.33989508300146554,390.10000000000014,102.18087389469645,12,7396.076719954952,221.41144276674635,19.59811241759106,0.9292713175452814
5,mopso_rk,MOPSO,random_key,none,117,0.3504332919983426,378.29999999999995,166.55729936135447,7,61633.03434885455,172.27590300629268,151.3332370304295,0.8069646777332503
5,mopso_rk,MOPSO,random_key,none,118,0.35034216700296383,521.4999999999998,147.96162593295458,10,110649.34571112852,221.00199651194004,91.39111913599744,0.6242239551676901
5,mopso_rk,MOPSO,random_key,none,119,0.3477714579930762,454.70000000000005,158.9977986107636,8,68275.7288425646,183.1493314915866,97.9562327379506,0.6794547107952973
5,mopso_rk,MOPSO,random_key,none,120,0.3877266250055982,442.70000000000005,151.3400414062064,33,71257.58006725379,166.9915858784928,70.00413916969119,1.2651807866300893
5,mopso_rk,MOPSO,random_key,none,121,0.35746812500292435,421.89999999999986,118.85998405685932,24,99298.63235632166,154.42003016634675,239.2615789850536,1.2481958718182717
5,mopso_rk,MOPSO,random_key,none,122,0.3673166249936912,422.4999999999998,115.36651047173066,36,70079.4971494187,150.08262535146577,102.38826654629831,1.3506522893470134
5,mopso_rk,MOPSO,random_key,none,123,0.4117111660016235,390.0999999999997,170.05995353190806,61,187322.67595278224,173.11622979064916,136.76678519719655,1.436154645439799
5,mopso_rk,MOPSO,random_key,none,124,0.3518179999955464,494.5000000000002,168.5767297560767,8,247991.50043040168,215.20760522445687,511.3230793517408,0.9206261884645491
5,mopso_rk,MOPSO,random_key,none,125,0.350813165990985,279.10000000000014,179.57171998948405,9,80715.09944121688,140.8746085002666,105.48625576652762,0.7882064793482683
5,mopso_rk,MOPSO,random_key,none,126,0.35633704101201147,407.4999999999998,124.18650754888813,19,114756.14015612933,191.82000324430823,264.08317681517565,1.1776457397396924
5,mopso_rk,MOPSO,random_key,none,127,0.36544041699380614,300.10000000000014,197.79104322045575,13,312447.98296267114,126.72425298812111,304.678856404869,0.8724317668276258
5,mopso_rk,MOPSO,random_key,none,128,0.40523074999509845,318.10000000000014,164.27522481535658,44,179804.18994870782,145.30650038672647,125.95711642831516,1.3482382380679765
5,mopso_rk,MOPSO,random_key,none,129,0.35642291700060014,602.3,150.03774525639705,8,234494.55641521953,277.68841559737064,717.7262637238341,1.0092714282857274
5,paco_di,P-ACO,direct_index,none,100,33.44041166699026,596.7,111.92578002534671,4,186416.90607059983,350.60360660889376,1295.48093984853,0.9705290335441498
5,paco_di,P-ACO,direct_index,none,101,33.42104279100022,589.8999999999999,104.1882858505738,4,63074.49562472754,270.6265047444687,870.0385746704751,0.7020815764814587
5,paco_di,P-ACO,direct_index,none,102,33.37998787499964,637.7,131.28435637244593,7,266419.9465274319,276.31556887334983,270.9143229744888,0.8385797421644119
5,paco_di,P-ACO,direct_index,none,103,33.42861333298788,581.3,143.40803315534657,7,112253.74741236377,270.9126486339385,351.8617811245212,0.8145663356669741
5,paco_di,P-ACO,direct_index,none,104,34.407030540998676,625.7,203.5016922597058,10,88680.80932401637,306.7580398634342,59.636547713895744,0.7099272274651467
5,paco_di,P-ACO,direct_index,none,105,34.35355108400108,550.7,230.3940608191383,6,150901.77491481826,266.95526675312914,42.89064911588168,0.38785240124327114
5,paco_di,P-ACO,direct_index,none,106,34.33848191599827,449.29999999999995,175.56612607207472,9,144832.2220695388,214.03888514454263,270.65834922628295,0.8547777775659698
5,paco_di,P-ACO,direct_index,none,107,34.499706000002334,606.3,189.85110336847833,6,126134.69951450033,295.36507118767156,165.334021531025,0.6579824238979615
5,paco_di,P-ACO,direct_index,none,108,33.835926749990904,664.3,152.40104514071308,8,104287.48114476635,320.24042551534376,160.2656745856833,0.6667679308471578
5,paco_di,P-ACO,direct_index,none,109,33.60286233300576,577.7,217.26665813287138,14,381234.1826616531,287.80810889302387,248.05718769825302,0.9696559430208814
5,paco_di,P-ACO,direct_index,none,110,33.662116374995094,607.5000000000002,148.10670772042607,8,150648.104432152,272.0656474751457,163.82280787223954,0.7330355066214316
5,paco_di,P-ACO,direct_index,none,111,33.701310415999615,528.7,180.45614544820626,10,191460.75979697294,235.9971864993189,154.94367521076757,0.75869885306003
5,paco_di,P-ACO,direct_index,none,112,33.481767874996876,565.3,124.4842599156068,11,214670.56114345207,218.60538373022277,69.56605800319102,0.5562642761927482
5,paco_di,P-ACO,direct_index,none,113,33.37117708299775,565.7,105.02730047460268,6,196889.26889204237,248.93251691583927,271.34215032207214,0.706829519653027
5,paco_di,P-ACO,direct_index,none,114,33.45522050000727,594.7,158.2464476767537,7,48305.803342563304,276.3477183376353,84.3674475648385,0.7414929542256726
5,paco_di,P-ACO,direct_index,none,115,33.480606999990414,606.5000000000002,165.83624806027825,13,193328.46780501245,287.8252391747866,157.00685643542002,0.8199027232425907
5,paco_di,P-ACO,direct_index,none,116,33.38919333300146,641.5000000000002,149.34807619028606,9,253673.4047274793,290.72869359763183,252.9870551017778,0.8191850636615793
5,paco_di,P-ACO,direct_index,none,117,33.48241529199004,658.7,115.12348517790359,6,215549.7360657035,307.8874452238473,172.48630887156213,0.734110793588539
5,paco_di,P-ACO,direct_index,none,118,33.47257012499904,560.7,200.71890696685742,10,211286.6867921718,289.07965926740934,293.08484128993916,1.0022681101992095
5,paco_di,P-ACO,direct_index,none,119,33.46105520900164,472.29999999999995,115.29196274107377,5,29273.267785658743,181.00106566572234,112.90864266626772,0.4385855587637312
5,paco_di,P-ACO,direct_index,none,120,33.38593737500196,615.1000000000001,117.39601451600691,7,41003.96869416719,284.9282559560057,217.3953842181231,0.7066118640807898
5,paco_di,P-ACO,direct_index,none,121,33.61095970799215,606.1000000000001,127.77746584962479,4,18098.678480228235,287.62775213467796,75.62755513811454,0.6531728769619906
5,paco_di,P-ACO,direct_index,none,122,33.430705165999825,515.8999999999999,119.90351912283961,9,58340.259307578875,222.0941435806535,227.3130073119107,0.841554585955538
5,paco_di,P-ACO,direct_index,none,123,33.48538091700175,609.1000000000001,151.3125742614895,3,33186.75270919858,305.0238051439593,235.3325343607114,0.7602386976417058
5,paco_di,P-ACO,direct_index,none,124,33.32713862499804,517.7,125.14456199612552,12,315377.5550297285,217.09188446910252,177.82266952862165,0.7789218872970156
5,paco_di,P-ACO,direct_index,none,125,33.426667250008904,452.70000000000005,162.4248717216118,6,164156.5719206595,187.26517645685382,302.5398193025991,0.6399371668104942
5,paco_di,P-ACO,direct_index,none,126,33.45668241700332,414.70000000000005,138.24807949820888,6,108633.13158665842,167.12044523633253,138.19786947841382,0.4923680529286717
5,paco_di,P-ACO,direct_index,none,127,33.46042987499095,399.4999999999998,157.15272448138347,6,96418.3380877741,156.44200603043515,138.2285852652348,0.6091587211758903
5,paco_di,P-ACO,direct_index,none,128,33.21489795799425,572.5000000000002,153.03501934822697,5,50820.27449918002,256.95369654281734,84.3038745655184,0.575198317064451
5,paco_di,P-ACO,direct_index,none,129,33.366176875002566,436.70000000000005,150.0638610295662,7,56383.71628492184,173.67963832148277,84.65713664691067,0.442603002022177
