subject_id,algorithm,representation,constraint_handler,config_id,pop_size,max_generations,mutation_rate,seed,runtime_s,f1_best,f2_best,hypervolume,igd,spacing,delta_spread,front_size,max_archive_size,inertia,leader_method,c1,c2,alpha,initial_pheromone,evaporation_rate
1,NSGA-II,direct_index,repair,nsgaii_p40_g40_m005,40,40,0.05,1000,0.27603074999933597,2841.57,241.66761093311598,1781417.1012100633,573.7276778390449,251.44871723363357,0.8141840626547658,40,,,,,,,,
1,NSGA-II,direct_index,repair,nsgaii_p40_g40_m005,40,40,0.05,1001,0.2608361250022426,2764.9500000000003,152.00965444908203,1061382.4445404347,508.7341496533213,188.65795098283184,0.816040302668697,40,,,,,,,,
1,NSGA-II,direct_index,repair,nsgaii_p40_g40_m005,40,40,0.05,1002,0.2606991670036223,2417.9500000000003,302.15589988043223,1898875.2837780917,450.0814951996645,247.85381951936,0.8608920745206599,40,,,,,,,,
1,NSGA-II,direct_index,repair,nsgaii_p40_g40_m005,40,40,0.05,1003,0.2720682079961989,2128.3300000000004,233.63409291547046,1244233.3617012498,387.7215986943178,199.6094315122999,0.9192410088024096,40,,,,,,,,
1,NSGA-II,direct_index,repair,nsgaii_p40_g40_m005,40,40,0.05,1004,0.27565233399218414,2130.3300000000004,198.08962113273742,1102485.8981782084,314.0709815908763,203.1486324508868,0.8031840541167249,40,,,,,,,,
1,NSGA-II,direct_index,repair,nsgaii_p40_g40_m01,40,40,0.1,1000,0.2570667920081178,2555.9500000000003,196.1866389099402,701134.8800123808,501.2528525474062,115.65483641904319,0.8075478382541146,40,,,,,,,,
1,NSGA-II,direct_index,repair,nsgaii_p40_g40_m01,40,40,0.1,1001,0.2589538340107538,2455.9500000000003,242.58778906827172,1248828.1737607254,438.3989383494266,163.30380939197033,0.820133557878615,40,,,,,,,,
1,NSGA-II,direct_index,repair,nsgaii_p40_g40_m01,40,40,0.1,1002,0.2588236669980688,2808.3300000000004,186.08232010775194,833439.7065373309,551.247821755169,189.02117360133096,0.8644313820231094,40,,,,,,,,
1,NSGA-II,direct_index,repair,nsgaii_p40_g40_m01,40,40,0.1,1003,0.25109170901123434,2503.9500000000003,157.34605374633043,539646.781189119,552.1820460996762,129.01171502454002,0.9098498211075208,40,,,,,,,,
1,NSGA-II,direct_index,repair,nsgaii_p40_g40_m01,40,40,0.1,1004,0.2643729169940343,1625.5700000000002,158.20907577972315,894227.0969061699,182.22978448608768,252.8198836944896,0.7257088868624292,40,,,,,,,,
1,NSGA-II,direct_index,repair,nsgaii_p40_g40_m02,40,40,0.2,1000,0.2534152080042986,3437.3300000000004,173.99293922399264,625749.2030190707,890.7179159433427,198.11168538720247,0.9103246642354198,40,,,,,,,,
1,NSGA-II,direct_index,repair,nsgaii_p40_g40_m02,40,40,0.2,1001,0.2583795829996234,3093.3300000000004,156.74503712686374,1152695.488843136,634.7305885479052,242.55082339208104,0.9123659051357973,40,,,,,,,,
1,NSGA-II,direct_index,repair,nsgaii_p40_g40_m02,40,40,0.2,1002,0.2630211670038989,2670.9500000000003,177.37562122896603,840329.0888388909,495.73410295191644,170.9724832960722,0.7854311973645324,40,,,,,,,,
1,NSGA-II,direct_index,repair,nsgaii_p40_g40_m02,40,40,0.2,1003,0.25880250000045635,3552.3300000000004,163.6105253404829,1112168.4704767952,914.9286116905373,243.45923706963205,0.82890634760088,40,,,,,,,,
1,NSGA-II,direct_index,repair,nsgaii_p40_g40_m02,40,40,0.2,1004,0.25730908299738076,2836.3300000000004,291.8890257935239,1305221.1161710077,632.1787302571024,146.2543693391649,0.8612228319981214,40,,,,,,,,
1,NSGA-II,direct_index,repair,nsgaii_p40_g80_m005,40,80,0.05,1000,0.5349148340028478,1104.19,239.60022862931123,1988630.4216641842,140.88827611663626,235.63732342910993,0.7501949270974643,40,,,,,,,,
1,NSGA-II,direct_index,repair,nsgaii_p40_g80_m005,40,80,0.05,1001,0.5229939590062713,934.81,200.4424119664854,1456314.0332736557,134.16933411770574,250.82425182003647,0.7845608087300319,40,,,,,,,,
1,NSGA-II,direct_index,repair,nsgaii_p40_g80_m005,40,80,0.05,1002,0.5323339580063475,885.9500000000003,238.16979148513525,1705429.039060431,194.65358961544337,281.61910348381724,0.824333669022328,40,,,,,,,,
1,NSGA-II,direct_index,repair,nsgaii_p40_g80_m005,40,80,0.05,1003,0.5421595000079833,959.9500000000003,251.11318519383533,1689287.9897538093,165.9695969144874,226.65080523049642,0.8317357369306195,40,,,,,,,,
1,NSGA-II,direct_index,repair,nsgaii_p40_g80_m005,40,80,0.05,1004,0.5374988330004271,1104.9500000000003,141.53047712812082,638821.0678783277,195.81336724903392,170.40389075679917,0.760076104977891,40,,,,,,,,
1,NSGA-II,direct_index,repair,nsgaii_p40_g80_m01,40,80,0.1,1000,0.5145232909999322,1689.5700000000002,201.0550681815318,820327.1764685998,332.6490589314423,150.22553742721283,0.8810986131338632,40,,,,,,,,
1,NSGA-II,direct_index,repair,nsgaii_p40_g80_m01,40,80,0.1,1001,0.5146813750034198,1649.3300000000004,123.86276180667588,1059190.4559921087,197.76890665128064,245.32175969053048,0.7995192707580084,40,,,,,,,,
1,NSGA-II,direct_index,repair,nsgaii_p40_g80_m01,40,80,0.1,1002,0.5084650420030812,1361.9500000000003,216.85251425880412,1287614.2340143512,236.7027118513088,250.67121275102514,0.8597568292611797,40,,,,,,,,
1,NSGA-II,direct_index,repair,nsgaii_p40_g80_m01,40,80,0.1,1003,0.5257781249965774,1187.5700000000002,195.70913470404486,1199579.2683616693,202.5241260615045,206.3157195480147,0.8390197232189113,40,,,,,,,,
1,NSGA-II,direct_index,repair,nsgaii_p40_g80_m01,40,80,0.1,1004,0.5308870000008028,690.19,185.74822590379824,936069.7075517905,194.21258554131293,187.9214385794544,0.7642825077836547,40,,,,,,,,
1,NSGA-II,direct_index,repair,nsgaii_p40_g80_m02,40,80,0.2,1000,0.5217960000009043,1867.5700000000002,167.28688652601346,590454.3005810182,345.2570752489904,157.80396655667792,0.8716431490659177,40,,,,,,,,
1,NSGA-II,direct_index,repair,nsgaii_p40_g80_m02,40,80,0.2,1001,0.5242771670018556,2255.3300000000004,163.16134858716327,1068920.7688020172,349.58869687711655,214.28282985169588,0.7916023865931349,40,,,,,,,,
1,NSGA-II,direct_index,repair,nsgaii_p40_g80_m02,40,80,0.2,1002,0.5219459159998223,1856.9500000000003,241.36927116631063,1328671.477254862,264.8322390861655,164.3214166168379,0.756473132379926,40,,,,,,,,
1,NSGA-II,direct_index,repair,nsgaii_p40_g80_m02,40,80,0.2,1003,0.5143567920022178,2435.3300000000004,232.786496985378,1578271.5120968905,395.8699926181277,225.97495847378858,0.8985290267725492,40,,,,,,,,
1,NSGA-II,direct_index,repair,nsgaii_p40_g80_m02,40,80,0.2,1004,0.5090671249927254,1700.3300000000004,267.01507902270504,1370125.9682533366,282.5352626092968,159.92363361658488,0.7608529400761613,40,,,,,,,,
1,NSGA-II,direct_index,repair,nsgaii_p80_g40_m005,80,40,0.05,1000,0.7512735829950543,2535.9500000000003,154.05424158210715,918197.9338034916,426.8601845180449,127.86063519430049,0.8655039563764337,80,,,,,,,,
1,NSGA-II,direct_index,repair,nsgaii_p80_g40_m005,80,40,0.05,1001,0.7661297080048826,1571.9500000000003,238.03673702317604,1499061.0830807453,187.8981774151778,122.40540354478902,0.8061416283414526,80,,,,,,,,
1,NSGA-II,direct_index,repair,nsgaii_p80_g40_m005,80,40,0.05,1002,0.7651420420006616,1835.9500000000003,201.6580829181738,1349680.2836613574,235.4621397825141,128.36101603945406,0.8874096996527462,80,,,,,,,,
1,NSGA-II,direct_index,repair,nsgaii_p80_g40_m005,80,40,0.05,1003,0.7535477920027915,2641.57,138.7340315214165,661332.4881665682,462.0849291102202,101.94397134476269,0.9034682727682941,80,,,,,,,,
1,NSGA-II,direct_index,repair,nsgaii_p80_g40_m005,80,40,0.05,1004,0.7522059159964556,2239.57,151.40252020973173,856164.4802355916,401.9297113256551,78.43219256752019,0.8618395413023376,80,,,,,,,,
1,NSGA-II,direct_index,repair,nsgaii_p80_g40_m01,80,40,0.1,1000,0.7452124580013333,2148.19,177.20919673006114,1358536.108492453,299.21275535253795,253.22981788314502,0.9313323118808947,80,,,,,,,,
1,NSGA-II,direct_index,repair,nsgaii_p80_g40_m01,80,40,0.1,1001,0.7371312909963308,2825.9500000000003,196.55200251676206,856929.3063524714,574.0527745952669,72.81484326270633,0.852584899613051,80,,,,,,,,
1,NSGA-II,direct_index,repair,nsgaii_p80_g40_m01,80,40,0.1,1002,0.7357140420062933,2470.3300000000004,157.32897882896643,880497.1435649008,398.0560347460584,99.2240245623159,0.7988583070990904,80,,,,,,,,
1,NSGA-II,direct_index,repair,nsgaii_p80_g40_m01,80,40,0.1,1003,0.7485256670042872,2416.3300000000004,249.84908928571798,1812065.7970936042,386.86717094283875,180.59857499669906,0.888916844192899,80,,,,,,,,
1,NSGA-II,direct_index,repair,nsgaii_p80_g40_m01,80,40,0.1,1004,0.7373611249931855,1335.19,198.52156479359067,1487302.8019964404,147.16057784309652,124.70678585584598,0.7955705692759997,80,,,,,,,,
1,NSGA-II,direct_index,repair,nsgaii_p80_g40_m02,80,40,0.2,1000,0.7101390000025276,2663.3300000000004,188.29965872544517,1056468.046387073,482.45331626465804,120.66260739632648,0.8990875425413535,80,,,,,,,,
1,NSGA-II,direct_index,repair,nsgaii_p80_g40_m02,80,40,0.2,1001,0.735839125001803,3401.9500000000003,167.87215494095503,1120848.6408634414,801.2491950781395,132.06944963324628,0.9249426185773723,80,,,,,,,,
1,NSGA-II,direct_index,repair,nsgaii_p80_g40_m02,80,40,0.2,1002,0.7338363330054563,2874.9500000000003,200.09917958611337,1243148.915490414,546.6486885552612,116.07893383483433,0.8548497755822059,80,,,,,,,,
1,NSGA-II,direct_index,repair,nsgaii_p80_g40_m02,80,40,0.2,1003,0.7256447920080973,3055.9500000000003,192.91761139245327,1542005.5919777558,647.3326087237515,198.59568473569965,0.9116705062022773,80,,,,,,,,
1,NSGA-II,direct_index,repair,nsgaii_p80_g40_m02,80,40,0.2,1004,0.7321278750023339,2563.3300000000004,225.18497371654496,1278559.2690645738,443.5686564895737,96.32265000920043,0.8238877208947306,80,,,,,,,,
1,NSGA-II,direct_index,repair,nsgaii_p80_g80_m005,80,80,0.05,1000,1.4740029579988914,695.9500000000003,142.58154284366378,1014233.740316021,137.39298476602113,185.75276690107944,0.8808164602409635,80,,,,,,,,
1,NSGA-II,direct_index,repair,nsgaii_p80_g80_m005,80,80,0.05,1001,1.5031121670035645,483.9500000000003,150.6584767160718,1051073.180596457,134.41143507348855,237.41558673350667,0.8966379108645686,80,,,,,,,,
1,NSGA-II,direct_index,repair,nsgaii_p80_g80_m005,80,80,0.05,1002,1.4951188339910004,608.9500000000003,181.950896425192,1355901.697601763,91.31253131472761,116.8011176041759,0.8364732782889419,80,,,,,,,,
1,NSGA-II,direct_index,repair,nsgaii_p80_g80_m005,80,80,0.05,1003,1.4818123750010272,748.9500000000003,149.08086676567487,1141690.4850081713,146.46510611303546,290.07050787896986,0.9549355464971138,80,,,,,,,,
1,NSGA-II,direct_index,repair,nsgaii_p80_g80_m005,80,80,0.05,1004,1.4887025839998387,513.5700000000002,195.56506040333016,1199611.9205037544,156.99910492311736,121.62774621085026,0.9065490010750364,80,,,,,,,,
1,NSGA-II,direct_index,repair,nsgaii_p80_g80_m01,80,80,0.1,1000,1.4672462080052355,1125.5700000000002,196.29430369449142,1141643.5612266017,180.59081727094497,103.44817801915673,0.8860495255366272,80,,,,,,,,
1,NSGA-II,direct_index,repair,nsgaii_p80_g80_m01,80,80,0.1,1001,1.4173628340067808,1977.3300000000004,96.90280846809078,920938.2057571358,258.1763161124618,110.55659473172588,0.8747502826111297,80,,,,,,,,
1,NSGA-II,direct_index,repair,nsgaii_p80_g80_m01,80,80,0.1,1002,1.4581017079908634,1843.3300000000004,160.29751041860897,1013363.93350944,257.866595184524,143.04763723499332,0.9316966769546622,80,,,,,,,,
1,NSGA-II,direct_index,repair,nsgaii_p80_g80_m01,80,80,0.1,1003,1.4712683749967255,1240.9500000000003,213.56832563005707,1633997.4162643037,164.5150156074546,204.80019305253342,0.9430964108732262,80,,,,,,,,
1,NSGA-II,direct_index,repair,nsgaii_p80_g80_m01,80,80,0.1,1004,1.4510361249995185,920.9500000000003,201.90466268543204,1650170.0043242956,94.50788710132375,196.45269316278907,0.881065063167881,80,,,,,,,,
1,NSGA-II,direct_index,repair,nsgaii_p80_g80_m02,80,80,0.2,1000,1.3975146669981768,2009.5700000000002,202.8182515732749,1506619.0855057111,288.93940070085006,196.97625326645695,0.9198655932187185,80,,,,,,,,
1,NSGA-II,direct_index,repair,nsgaii_p80_g80_m02,80,80,0.2,1001,1.4236843749968102,2812.3300000000004,161.36588304505906,1434986.4431960937,533.1062044717374,88.97803640004332,0.8306198769081659,80,,,,,,,,
1,NSGA-II,direct_index,repair,nsgaii_p80_g80_m02,80,80,0.2,1002,1.4335637500043958,2167.57,228.73310340603433,1868582.8525221562,290.52289971803117,128.71603686319747,0.8099290678211143,80,,,,,,,,
1,NSGA-II,direct_index,repair,nsgaii_p80_g80_m02,80,80,0.2,1003,1.4504502909985604,2762.3300000000004,251.34168246914396,1641094.750762228,495.1177550960048,127.5831345081112,0.9061995519658768,80,,,,,,,,
1,NSGA-II,direct_index,repair,nsgaii_p80_g80_m02,80,80,0.2,1004,1.4395017080096295,2291.9500000000003,184.5541696713978,1237492.8417401726,367.8000954456602,95.2869135014388,0.847767920366227,80,,,,,,,,
1,PAES,direct_index,repair,paes_p1_g400_m005_a40,1,400,0.05,1000,1.1566772910009604,2900.3300000000004,141.84857964230764,986667.8694193686,634.1364508059086,318.5183371807436,1.0198871021664635,40,40.0,,,,,,,
1,PAES,direct_index,repair,paes_p1_g400_m005_a40,1,400,0.05,1001,1.0838299169990933,3170.3300000000004,178.56419459734298,858793.4251195458,773.6120772633279,671.8859295304123,1.0712150789810282,35,40.0,,,,,,,
1,PAES,direct_index,repair,paes_p1_g400_m005_a40,1,400,0.05,1002,1.156277209011023,3497.3300000000004,137.3773081332895,565293.775981074,964.5755702434149,252.33669765721092,1.0008045798545107,40,40.0,,,,,,,
1,PAES,direct_index,repair,paes_p1_g400_m005_a40,1,400,0.05,1003,1.115427875003661,4387.33,125.12632466155189,109458.71724054778,1713.7336444069533,69.71177148821322,1.034147102533098,40,40.0,,,,,,,
1,PAES,direct_index,repair,paes_p1_g400_m005_a40,1,400,0.05,1004,1.0877878330065869,3684.9500000000003,116.54793846802062,164856.03755811436,1151.0337463530054,157.6935974600571,1.0873886960360486,40,40.0,,,,,,,
1,PAES,direct_index,repair,paes_p1_g400_m01_a40,1,400,0.1,1000,0.963318292007898,4511.33,105.98049235152125,548770.9072474692,1534.405587994643,128.3935657132783,1.0203397778712378,40,40.0,,,,,,,
1,PAES,direct_index,repair,paes_p1_g400_m01_a40,1,400,0.1,1001,1.0224629169970285,4733.950000000001,148.2561687011282,397039.0201265056,1678.696205466487,140.4031130677389,0.9018065842657216,32,40.0,,,,,,,
1,PAES,direct_index,repair,paes_p1_g400_m01_a40,1,400,0.1,1002,1.003760167004657,4455.950000000001,172.35151669887227,624096.6100751272,1490.638375738854,155.0892651714793,1.00225586984688,40,40.0,,,,,,,
1,PAES,direct_index,repair,paes_p1_g400_m01_a40,1,400,0.1,1003,1.0497108330018818,3999.3300000000004,148.08293599376736,583066.0164307122,1199.692814431403,282.90901591606234,1.0240511475033507,40,40.0,,,,,,,
1,PAES,direct_index,repair,paes_p1_g400_m01_a40,1,400,0.1,1004,1.0762615419953363,3167.9500000000003,154.5950992941116,715527.3714460441,689.8002459701477,463.15801059571186,1.0574512756198855,40,40.0,,,,,,,
1,PAES,direct_index,repair,paes_p1_g400_m02_a40,1,400,0.2,1000,1.0110352089977823,4272.33,182.02389892233992,562546.3397428349,1385.1844389443154,191.96778174212787,1.0874011409068436,40,40.0,,,,,,,
1,PAES,direct_index,repair,paes_p1_g400_m02_a40,1,400,0.2,1001,0.9621655000082683,3573.3300000000004,180.1830604190419,746989.6147084575,915.6781957558725,377.71689568255994,1.164111516922858,40,40.0,,,,,,,
1,PAES,direct_index,repair,paes_p1_g400_m02_a40,1,400,0.2,1002,0.9936100000049919,6226.330000000002,143.4578995238626,71339.58868775182,2861.711273566052,91.46390562607434,1.0727459512096267,40,40.0,,,,,,,
1,PAES,direct_index,repair,paes_p1_g400_m02_a40,1,400,0.2,1003,0.9713862079952378,4250.950000000001,142.40501420138898,391138.90455026727,1391.0378480967756,344.1243439454198,1.2126252501928323,40,40.0,,,,,,,
1,PAES,direct_index,repair,paes_p1_g400_m02_a40,1,400,0.2,1004,1.0249012499989476,5421.950000000001,135.44307055246796,476199.9341690063,2113.763689223969,277.32652903777097,1.1304773592901012,40,40.0,,,,,,,
1,PAES,direct_index,repair,paes_p1_g400_m005_a80,1,400,0.05,1000,1.1704906660015695,2900.3300000000004,141.84857964230764,986667.8694193686,634.1364508059086,300.6945324630343,1.0651333720210017,46,80.0,,,,,,,
1,PAES,direct_index,repair,paes_p1_g400_m005_a80,1,400,0.05,1001,1.0825685410090955,3170.3300000000004,178.56419459734298,858793.4251195458,773.6120772633279,671.8859295304123,1.0712150789810282,35,80.0,,,,,,,
1,PAES,direct_index,repair,paes_p1_g400_m005_a80,1,400,0.05,1002,1.2486684590112418,3497.3300000000004,137.3773081332895,565293.775981074,964.5755702434149,196.42786019341307,1.106431393843722,70,80.0,,,,,,,
1,PAES,direct_index,repair,paes_p1_g400_m005_a80,1,400,0.05,1003,1.1881016660045134,4387.33,125.12632466155189,109458.71724054778,1713.7336444069533,52.45025597443658,1.0873888791745012,80,80.0,,,,,,,
1,PAES,direct_index,repair,paes_p1_g400_m005_a80,1,400,0.05,1004,1.1726397500024177,3684.9500000000003,116.54793846802062,164856.03755811436,1151.0337463530054,116.75451714614528,1.1766977934941913,80,80.0,,,,,,,
1,PAES,direct_index,repair,paes_p1_g400_m01_a80,1,400,0.1,1000,0.9787472500029253,4511.33,105.98049235152125,548770.9072474692,1534.405587994643,102.07994769537015,1.1848769182550996,80,80.0,,,,,,,
1,PAES,direct_index,repair,paes_p1_g400_m01_a80,1,400,0.1,1001,1.019747082988033,4733.950000000001,148.2561687011282,397039.0201265056,1678.696205466487,140.4031130677389,0.9018065842657216,32,80.0,,,,,,,
1,PAES,direct_index,repair,paes_p1_g400_m01_a80,1,400,0.1,1002,1.035938500004704,4455.950000000001,172.35151669887227,624096.6100751272,1490.638375738854,129.89163955892855,1.1373797767078602,66,80.0,,,,,,,
1,PAES,direct_index,repair,paes_p1_g400_m01_a80,1,400,0.1,1003,1.0555762499861885,3999.3300000000004,148.08293599376736,583066.0164307122,1199.692814431403,277.15371808164065,1.0388332719650362,42,80.0,,,,,,,
1,PAES,direct_index,repair,paes_p1_g400_m01_a80,1,400,0.1,1004,1.1208059579948895,3167.9500000000003,154.5950992941116,715527.3714460441,689.8002459701477,336.44432716884756,1.239557008820605,80,80.0,,,,,,,
1,PAES,direct_index,repair,paes_p1_g400_m02_a80,1,400,0.2,1000,1.089488584009814,4272.33,182.02389892233992,562546.3397428349,1385.1844389443154,153.26339323510663,1.1765915161731744,69,80.0,,,,,,,
1,PAES,direct_index,repair,paes_p1_g400_m02_a80,1,400,0.2,1001,1.051162416988518,3573.3300000000004,180.1830604190419,746989.6147084575,915.6781957558725,277.39979995544127,1.3386720114101318,80,80.0,,,,,,,
1,PAES,direct_index,repair,paes_p1_g400_m02_a80,1,400,0.2,1002,1.1025559169938788,6226.330000000002,143.4578995238626,71339.58868775182,2861.711273566052,65.35888680232287,1.091291978230451,80,80.0,,,,,,,
1,PAES,direct_index,repair,paes_p1_g400_m02_a80,1,400,0.2,1003,1.053975041009835,4250.950000000001,142.40501420138898,391138.90455026727,1391.0378480967756,247.75169178762178,1.2853027464580058,80,80.0,,,,,,,
1,PAES,direct_index,repair,paes_p1_g400_m02_a80,1,400,0.2,1004,1.1075854579976294,5421.950000000001,135.44307055246796,476199.9341690063,2113.763689223969,203.66374143014863,1.2727763639677363,80,80.0,,,,,,,
1,PAES,direct_index,repair,paes_p1_g800_m005_a40,1,800,0.05,1000,2.1625588340102695,2362.3300000000004,139.3867070317275,488129.8782866797,454.597035444819,128.53528287676397,0.8401268867672855,40,40.0,,,,,,,
1,PAES,direct_index,repair,paes_p1_g800_m005_a40,1,800,0.05,1001,2.0679053330095485,2421.3300000000004,134.92129645752397,207856.18048474897,939.0960213114699,81.74829443384077,0.9536180608681675,40,40.0,,,,,,,
1,PAES,direct_index,repair,paes_p1_g800_m005_a40,1,800,0.05,1002,2.1789466250047553,2287.9500000000003,152.00925886179908,403513.53410791623,595.9910921512347,110.738371816034,0.931368189190994,40,40.0,,,,,,,
1,PAES,direct_index,repair,paes_p1_g800_m005_a40,1,800,0.05,1003,2.140780542002176,2890.3300000000004,125.51304545308201,195441.60389872218,894.0140225710877,74.39019496633813,0.9235347998716594,40,40.0,,,,,,,
1,PAES,direct_index,repair,paes_p1_g800_m005_a40,1,800,0.05,1004,2.134371167005156,3684.9500000000003,116.54793846802062,236470.83881699533,1126.9823239038853,91.28427010032506,0.9536192001406901,40,40.0,,,,,,,
1,PAES,direct_index,repair,paes_p1_g800_m01_a40,1,800,0.1,1000,1.916697499997099,2460.3300000000004,140.05236192023165,718512.5176465191,445.3994958387701,142.79020954464323,0.8265089191278042,40,40.0,,,,,,,
1,PAES,direct_index,repair,paes_p1_g800_m01_a40,1,800,0.1,1001,2.017422542005079,2441.3300000000004,159.86127413017488,618762.7294690909,472.4778222268928,230.50107041644156,0.9435711140110316,40,40.0,,,,,,,
1,PAES,direct_index,repair,paes_p1_g800_m01_a40,1,800,0.1,1002,1.9616177499992773,3998.3300000000004,136.2670482261471,778797.5504432471,1189.812798233675,130.92366451639694,0.9178487409795183,40,40.0,,,,,,,
1,PAES,direct_index,repair,paes_p1_g800_m01_a40,1,800,0.1,1003,2.0181638750073034,3294.3300000000004,114.49831109694347,783822.7381710963,809.5113869265881,294.71476006906437,1.0408915074974043,40,40.0,,,,,,,
1,PAES,direct_index,repair,paes_p1_g800_m01_a40,1,800,0.1,1004,2.007257416000357,3167.9500000000003,154.5950992941116,850255.2544909324,712.081494252429,533.7604553603644,1.024032061593041,40,40.0,,,,,,,
1,PAES,direct_index,repair,paes_p1_g800_m02_a40,1,800,0.2,1000,1.9265737910027383,3555.3300000000004,154.80036950558195,676591.7127777509,976.9061883247422,317.92708221152446,1.1209581536668876,40,40.0,,,,,,,
1,PAES,direct_index,repair,paes_p1_g800_m02_a40,1,800,0.2,1001,1.8488341659976868,3573.3300000000004,180.1830604190419,833045.3110774886,909.6376358859677,213.37325862254258,1.00072216656385,40,40.0,,,,,,,
1,PAES,direct_index,repair,paes_p1_g800_m02_a40,1,800,0.2,1002,1.9627660830010427,5596.33,121.52534144237133,103359.41076355916,2378.9270500307516,128.59011862697363,1.102179307669354,40,40.0,,,,,,,
1,PAES,direct_index,repair,paes_p1_g800_m02_a40,1,800,0.2,1003,1.903967416001251,3721.3300000000004,147.08011142879576,399636.8556313608,1079.1148010709246,349.64224316842484,1.2168590989153332,40,40.0,,,,,,,
1,PAES,direct_index,repair,paes_p1_g800_m02_a40,1,800,0.2,1004,1.9682714579976164,4089.3300000000004,104.29201747206957,622431.7294206095,1208.4968180361564,311.49082732880845,1.0925920301448828,40,40.0,,,,,,,
1,PAES,direct_index,repair,paes_p1_g800_m005_a80,1,800,0.05,1000,2.158066083997255,1656.9500000000003,164.1282586121448,737819.944767549,276.38701727925013,115.88792972105512,0.868842867959994,50,80.0,,,,,,,
1,PAES,direct_index,repair,paes_p1_g800_m005_a80,1,800,0.05,1001,2.057957917000749,2421.3300000000004,134.92129645752397,207856.18048474897,939.0960213114699,80.97916339784852,0.9614239242753091,42,80.0,,,,,,,
1,PAES,direct_index,repair,paes_p1_g800_m005_a80,1,800,0.05,1002,2.386371375003364,2287.9500000000003,152.00925886179908,688419.6843731654,445.9232892780904,199.64565256990127,1.0711227604171716,71,80.0,,,,,,,
1,PAES,direct_index,repair,paes_p1_g800_m005_a80,1,800,0.05,1003,2.3526537500001723,2890.3300000000004,125.51304545308201,195441.60389872218,894.0140225710877,63.922134487730524,1.0832403747584283,80,80.0,,,,,,,
1,PAES,direct_index,repair,paes_p1_g800_m005_a80,1,800,0.05,1004,2.363133624996408,3684.9500000000003,116.54793846802062,236470.83881699533,1126.9823239038853,74.7495188218071,1.1014384627278764,80,80.0,,,,,,,
1,PAES,direct_index,repair,paes_p1_g800_m01_a80,1,800,0.1,1000,2.046189874992706,2460.3300000000004,140.05236192023165,718512.5176465191,445.3994958387701,125.12166608457764,1.1437853406831568,80,80.0,,,,,,,
1,PAES,direct_index,repair,paes_p1_g800_m01_a80,1,800,0.1,1001,2.0215861670003505,2441.3300000000004,159.86127413017488,618762.7294690909,472.4778222268928,182.84043304265833,1.2048987746429785,77,80.0,,,,,,,
1,PAES,direct_index,repair,paes_p1_g800_m01_a80,1,800,0.1,1002,2.060638166993158,3998.3300000000004,136.2670482261471,778797.5504432471,1189.812798233675,116.03961404773946,1.0764025928260048,66,80.0,,,,,,,
1,PAES,direct_index,repair,paes_p1_g800_m01_a80,1,800,0.1,1003,2.0025716249947436,3294.3300000000004,114.49831109694347,783822.7381710963,809.5113869265881,289.0966547260794,1.0542116502088064,42,80.0,,,,,,,
1,PAES,direct_index,repair,paes_p1_g800_m01_a80,1,800,0.1,1004,2.1558239579899237,3167.9500000000003,154.5950992941116,850255.2544909324,712.081494252429,384.13903008986506,1.1946955008885107,80,80.0,,,,,,,
1,PAES,direct_index,repair,paes_p1_g800_m02_a80,1,800,0.2,1000,2.053554417012492,3555.3300000000004,154.80036950558195,676591.7127777509,976.9061883247422,246.84867035055277,1.2176266705954584,69,80.0,,,,,,,
1,PAES,direct_index,repair,paes_p1_g800_m02_a80,1,800,0.2,1001,2.036511333004455,3573.3300000000004,180.1830604190419,833045.3110774886,909.6376358859677,172.48955628195844,1.288576921161613,80,80.0,,,,,,,
1,PAES,direct_index,repair,paes_p1_g800_m02_a80,1,800,0.2,1002,2.2192680000007385,5596.33,121.52534144237133,103359.41076355916,2378.9270500307516,92.39768895574099,1.1298773596095009,80,80.0,,,,,,,
1,PAES,direct_index,repair,paes_p1_g800_m02_a80,1,800,0.2,1003,2.1410721670108614,3721.3300000000004,147.08011142879576,399636.8556313608,1079.1148010709246,253.22431419126676,1.3083181675810402,80,80.0,,,,,,,
1,PAES,direct_index,repair,paes_p1_g800_m02_a80,1,800,0.2,1004,2.1725248750008177,4089.3300000000004,104.29201747206957,622431.7294206095,1208.4968180361564,232.05903258699857,1.2756054334127276,80,80.0,,,,,,,
1,MOPSO,random_key,none,mopso_p30_g40_w04_c15_a40_sigma,30,40,,1000,0.1515766660013469,4575.33,236.63513055699073,730096.1904839539,1568.5186805970682,265.46575135866067,0.9515000530564934,22,40.0,0.4,sigma,1.5,1.5,,,
1,MOPSO,random_key,none,mopso_p30_g40_w04_c15_a40_sigma,30,40,,1001,0.1552533750073053,4593.33,141.15452347804876,301960.04785358097,1612.474944882962,392.67436405613256,0.7934889475837982,9,40.0,0.4,sigma,1.5,1.5,,,
1,MOPSO,random_key,none,mopso_p30_g40_w04_c15_a40_sigma,30,40,,1002,0.14630349999060854,2993.3300000000004,146.09060263714517,133425.95597890843,935.9792314744684,185.62302955418335,0.8685941894604384,12,40.0,0.4,sigma,1.5,1.5,,,
1,MOPSO,random_key,none,mopso_p30_g40_w04_c15_a40_sigma,30,40,,1003,0.1463762919884175,5035.33,203.49925804136416,323884.380852461,1943.3236567125175,184.384004420174,0.905753613872574,13,40.0,0.4,sigma,1.5,1.5,,,
1,MOPSO,random_key,none,mopso_p30_g40_w04_c15_a40_sigma,30,40,,1004,0.14829250000184402,4245.950000000001,223.09687483957282,599128.3162378484,1423.5237074022798,549.7887184770449,1.1309341934004273,18,40.0,0.4,sigma,1.5,1.5,,,
1,MOPSO,random_key,none,mopso_p30_g40_w04_c20_a40_sigma,30,40,,1000,0.1481576249934733,2318.57,256.7699554771857,1007392.5847956917,516.7430652534225,466.8172279228194,0.6897656342697301,11,40.0,0.4,sigma,2.0,2.0,,,
1,MOPSO,random_key,none,mopso_p30_g40_w04_c20_a40_sigma,30,40,,1001,0.15246083299280144,4229.33,276.5072832697899,837888.1063204724,1387.3142578564816,387.7374497387057,0.8329102315985528,12,40.0,0.4,sigma,2.0,2.0,,,
1,MOPSO,random_key,none,mopso_p30_g40_w04_c20_a40_sigma,30,40,,1002,0.14915237500099465,3645.9500000000003,181.79317747159473,895109.897223166,1042.8550415515358,1196.2537746117205,0.9658645320556716,14,40.0,0.4,sigma,2.0,2.0,,,
1,MOPSO,random_key,none,mopso_p30_g40_w04_c20_a40_sigma,30,40,,1003,0.1467893329972867,4497.33,149.1694890556272,164676.33072792835,1688.5674438355761,311.73888736190673,0.8720480878712457,6,40.0,0.4,sigma,2.0,2.0,,,
1,MOPSO,random_key,none,mopso_p30_g40_w04_c20_a40_sigma,30,40,,1004,0.14665224999771453,3839.9500000000003,201.3518206874439,475605.35404845997,1141.7239195627994,188.82208195811668,0.7635024350023493,13,40.0,0.4,sigma,2.0,2.0,,,
1,MOPSO,random_key,none,mopso_p30_g40_w04_c15_a80_sigma,30,40,,1000,0.14623220800422132,4575.33,236.63513055699073,730096.1904839539,1568.5186805970682,265.46575135866067,0.9515000530564934,22,80.0,0.4,sigma,1.5,1.5,,,
1,MOPSO,random_key,none,mopso_p30_g40_w04_c15_a80_sigma,30,40,,1001,0.1559661670034984,4593.33,141.15452347804876,301960.04785358097,1612.474944882962,392.67436405613256,0.7934889475837982,9,80.0,0.4,sigma,1.5,1.5,,,
1,MOPSO,random_key,none,mopso_p30_g40_w04_c15_a80_sigma,30,40,,1002,0.14759920800861437,2993.3300000000004,146.09060263714517,133425.95597890843,935.9792314744684,185.62302955418335,0.8685941894604384,12,80.0,0.4,sigma,1.5,1.5,,,
1,MOPSO,random_key,none,mopso_p30_g40_w04_c15_a80_sigma,30,40,,1003,0.14750433299923316,5035.33,203.49925804136416,323884.380852461,1943.3236567125175,184.384004420174,0.905753613872574,13,80.0,0.4,sigma,1.5,1.5,,,
1,MOPSO,random_key,none,mopso_p30_g40_w04_c15_a80_sigma,30,40,,1004,0.1486981670022942,4245.950000000001,223.09687483957282,599128.3162378484,1423.5237074022798,549.7887184770449,1.1309341934004273,18,80.0,0.4,sigma,1.5,1.5,,,
1,MOPSO,random_key,none,mopso_p30_g40_w04_c20_a80_sigma,30,40,,1000,0.14778816599573474,2318.57,256.7699554771857,1007392.5847956917,516.7430652534225,466.8172279228194,0.6897656342697301,11,80.0,0.4,sigma,2.0,2.0,,,
1,MOPSO,random_key,none,mopso_p30_g40_w04_c20_a80_sigma,30,40,,1001,0.1480826250044629,4229.33,276.5072832697899,837888.1063204724,1387.3142578564816,387.7374497387057,0.8329102315985528,12,80.0,0.4,sigma,2.0,2.0,,,
1,MOPSO,random_key,none,mopso_p30_g40_w04_c20_a80_sigma,30,40,,1002,0.14908395800739527,3645.9500000000003,181.79317747159473,895109.897223166,1042.8550415515358,1196.2537746117205,0.9658645320556716,14,80.0,0.4,sigma,2.0,2.0,,,
1,MOPSO,random_key,none,mopso_p30_g40_w04_c20_a80_sigma,30,40,,1003,0.14960987500671763,4497.33,149.1694890556272,164676.33072792835,1688.5674438355761,311.73888736190673,0.8720480878712457,6,80.0,0.4,sigma,2.0,2.0,,,
1,MOPSO,random_key,none,mopso_p30_g40_w04_c20_a80_sigma,30,40,,1004,0.14791133299877401,3839.9500000000003,201.3518206874439,475605.35404845997,1141.7239195627994,188.82208195811668,0.7635024350023493,13,80.0,0.4,sigma,2.0,2.0,,,
1,MOPSO,random_key,none,mopso_p30_g80_w04_c15_a40_sigma,30,80,,1000,0.34980416600592434,3473.3300000000004,192.57454797067254,630785.7557292556,908.5204611931307,305.76577524506934,0.7695409313771376,17,40.0,0.4,sigma,1.5,1.5,,,
1,MOPSO,random_key,none,mopso_p30_g80_w04_c15_a40_sigma,30,80,,1001,0.31784725000034086,3582.3300000000004,130.8611916765679,361795.2925878781,1075.3483995276958,1020.5717047003028,0.9518625467810411,9,40.0,0.4,sigma,1.5,1.5,,,
1,MOPSO,random_key,none,mopso_p30_g80_w04_c15_a40_sigma,30,80,,1002,0.2884897089970764,1960.9500000000003,111.35204174686416,83438.81874563906,1173.3150675465502,267.787264229761,0.9807380960983982,11,40.0,0.4,sigma,1.5,1.5,,,
1,MOPSO,random_key,none,mopso_p30_g80_w04_c15_a40_sigma,30,80,,1003,0.3052960420027375,3400.3300000000004,199.58094243776424,583847.1791801042,988.9796643740689,324.7339891913106,1.041244922125019,27,40.0,0.4,sigma,1.5,1.5,,,
1,MOPSO,random_key,none,mopso_p30_g80_w04_c15_a40_sigma,30,80,,1004,0.37296337498992216,3385.9500000000003,172.7244243391857,1042556.7148604306,977.232727145632,497.9276273945982,1.2561347159554377,40,40.0,0.4,sigma,1.5,1.5,,,
1,MOPSO,random_key,none,mopso_p30_g80_w04_c20_a40_sigma,30,80,,1000,0.29750295900157653,2318.57,256.7699554771857,1113911.7181444315,483.27990769416436,539.859685331427,0.8452844228710854,17,40.0,0.4,sigma,2.0,2.0,,,
1,MOPSO,random_key,none,mopso_p30_g80_w04_c20_a40_sigma,30,80,,1001,0.285402667010203,3281.9500000000003,223.87986264248698,843937.0890966114,844.8084183907815,489.2299968230861,0.8060551930673266,11,40.0,0.4,sigma,2.0,2.0,,,
1,MOPSO,random_key,none,mopso_p30_g80_w04_c20_a40_sigma,30,80,,1002,0.2981960830074968,3227.9500000000003,197.09170341149706,510684.77671210805,855.2740474992364,255.91101090103274,0.8148484320011614,15,40.0,0.4,sigma,2.0,2.0,,,
1,MOPSO,random_key,none,mopso_p30_g80_w04_c20_a40_sigma,30,80,,1003,0.2854961670091143,3100.57,189.10814327416182,305291.9078971786,984.3178524584996,165.1078108911266,0.8727174605295532,15,40.0,0.4,sigma,2.0,2.0,,,
1,MOPSO,random_key,none,mopso_p30_g80_w04_c20_a40_sigma,30,80,,1004,0.3293693750019884,3185.57,241.21323982005669,798509.5326366514,886.4105657958382,371.6412908050732,1.229388938013602,40,40.0,0.4,sigma,2.0,2.0,,,
1,MOPSO,random_key,none,mopso_p30_g80_w04_c15_a80_sigma,30,80,,1000,0.36617541599844117,3714.3300000000004,221.01930769968416,748061.0487854738,1033.7292231874335,251.5372354729403,1.0153606342398425,34,80.0,0.4,sigma,1.5,1.5,,,
1,MOPSO,random_key,none,mopso_p30_g80_w04_c15_a80_sigma,30,80,,1001,0.31632812500174623,3582.3300000000004,130.8611916765679,361795.2925878781,1075.3483995276958,1020.5717047003028,0.9518625467810411,9,80.0,0.4,sigma,1.5,1.5,,,
1,MOPSO,random_key,none,mopso_p30_g80_w04_c15_a80_sigma,30,80,,1002,0.2880472500110045,1960.9500000000003,111.35204174686416,83438.81874563906,1173.3150675465502,267.787264229761,0.9807380960983982,11,80.0,0.4,sigma,1.5,1.5,,,
1,MOPSO,random_key,none,mopso_p30_g80_w04_c15_a80_sigma,30,80,,1003,0.30323183300788514,3400.3300000000004,199.58094243776424,583847.1791801042,988.9796643740689,324.7339891913106,1.041244922125019,27,80.0,0.4,sigma,1.5,1.5,,,
1,MOPSO,random_key,none,mopso_p30_g80_w04_c15_a80_sigma,30,80,,1004,0.4155716249952093,3385.9500000000003,172.7244243391857,1042556.7148604306,977.232727145632,389.41274604041274,1.33355038997804,66,80.0,0.4,sigma,1.5,1.5,,,
1,MOPSO,random_key,none,mopso_p30_g80_w04_c20_a80_sigma,30,80,,1000,0.29447404098755214,2318.57,256.7699554771857,1113911.7181444315,483.27990769416436,539.859685331427,0.8452844228710854,17,80.0,0.4,sigma,2.0,2.0,,,
1,MOPSO,random_key,none,mopso_p30_g80_w04_c20_a80_sigma,30,80,,1001,0.284604375003255,3281.9500000000003,223.87986264248698,843937.0890966114,844.8084183907815,489.2299968230861,0.8060551930673266,11,80.0,0.4,sigma,2.0,2.0,,,
1,MOPSO,random_key,none,mopso_p30_g80_w04_c20_a80_sigma,30,80,,1002,0.29929879200062715,3227.9500000000003,197.09170341149706,510684.77671210805,855.2740474992364,255.91101090103274,0.8148484320011614,15,80.0,0.4,sigma,2.0,2.0,,,
1,MOPSO,random_key,none,mopso_p30_g80_w04_c20_a80_sigma,30,80,,1003,0.2842263749917038,3100.57,189.10814327416182,305291.9078971786,984.3178524584996,165.1078108911266,0.8727174605295532,15,80.0,0.4,sigma,2.0,2.0,,,
1,MOPSO,random_key,none,mopso_p30_g80_w04_c20_a80_sigma,30,80,,1004,0.32969237500219606,3185.57,241.21323982005669,798509.5326366514,886.4105657958382,363.114437468437,1.2390279321035627,42,80.0,0.4,sigma,2.0,2.0,,,
1,MOPSO,random_key,none,mopso_p60_g40_w04_c15_a40_sigma,60,40,,1000,0.27339179199771024,4555.33,158.0703219968725,291628.4832811266,1589.2877156917218,278.57537858966464,0.8175899996715958,11,40.0,0.4,sigma,1.5,1.5,,,
1,MOPSO,random_key,none,mopso_p60_g40_w04_c15_a40_sigma,60,40,,1001,0.2747018749942072,2899.3300000000004,171.0684940498238,378695.8940669094,713.7610986100922,369.6637994429036,0.8271726696595463,14,40.0,0.4,sigma,1.5,1.5,,,
1,MOPSO,random_key,none,mopso_p60_g40_w04_c15_a40_sigma,60,40,,1002,0.274877584000933,3616.3300000000004,264.5882883269852,976644.9223106955,1023.6097082001836,289.81053488274074,0.7288510586585444,11,40.0,0.4,sigma,1.5,1.5,,,
1,MOPSO,random_key,none,mopso_p60_g40_w04_c15_a40_sigma,60,40,,1003,0.27985712500230875,2476.9500000000003,249.75373658066417,701221.5261150906,622.2346809137083,244.6739205839005,1.0509708528696733,30,40.0,0.4,sigma,1.5,1.5,,,
1,MOPSO,random_key,none,mopso_p60_g40_w04_c15_a40_sigma,60,40,,1004,0.2742624170059571,3614.3300000000004,199.00421469585902,383700.3959886721,1105.146001022831,380.6557616377899,0.9150756649693534,10,40.0,0.4,sigma,1.5,1.5,,,
1,MOPSO,random_key,none,mopso_p60_g40_w04_c20_a40_sigma,60,40,,1000,0.27396837499691173,3921.3300000000004,177.15011677593964,783143.2486309622,1158.554631677625,916.4604383659043,0.8947639412963644,11,40.0,0.4,sigma,2.0,2.0,,,
1,MOPSO,random_key,none,mopso_p60_g40_w04_c20_a40_sigma,60,40,,1001,0.2735860000102548,4073.9500000000003,185.0747505619305,964880.061462239,1229.2195491368527,629.0040723774574,0.8790852785649571,12,40.0,0.4,sigma,2.0,2.0,,,
1,MOPSO,random_key,none,mopso_p60_g40_w04_c20_a40_sigma,60,40,,1002,0.28580083300767,4083.9500000000003,156.98199720275923,483785.8761170297,1248.9538834405894,523.0404048625311,0.8230060598569852,14,40.0,0.4,sigma,2.0,2.0,,,
1,MOPSO,random_key,none,mopso_p60_g40_w04_c20_a40_sigma,60,40,,1003,0.2698650840029586,3339.9500000000003,235.76505462250185,760573.7150233833,997.6967062081999,816.5253564215909,0.8434316440551619,7,40.0,0.4,sigma,2.0,2.0,,,
1,MOPSO,random_key,none,mopso_p60_g40_w04_c20_a40_sigma,60,40,,1004,0.2756780830095522,3508.9500000000003,183.1699242618501,583829.2556326755,996.4501930892051,851.5981678949876,0.8663937708225468,9,40.0,0.4,sigma,2.0,2.0,,,
1,MOPSO,random_key,none,mopso_p60_g40_w04_c15_a80_sigma,60,40,,1000,0.27164179101237096,4555.33,158.0703219968725,291628.4832811266,1589.2877156917218,278.57537858966464,0.8175899996715958,11,80.0,0.4,sigma,1.5,1.5,,,
1,MOPSO,random_key,none,mopso_p60_g40_w04_c15_a80_sigma,60,40,,1001,0.274888917003409,2899.3300000000004,171.0684940498238,378695.8940669094,713.7610986100922,369.6637994429036,0.8271726696595463,14,80.0,0.4,sigma,1.5,1.5,,,
1,MOPSO,random_key,none,mopso_p60_g40_w04_c15_a80_sigma,60,40,,1002,0.27843920901068486,3616.3300000000004,264.5882883269852,976644.9223106955,1023.6097082001836,289.81053488274074,0.7288510586585444,11,80.0,0.4,sigma,1.5,1.5,,,
1,MOPSO,random_key,none,mopso_p60_g40_w04_c15_a80_sigma,60,40,,1003,0.28234920899558347,2476.9500000000003,249.75373658066417,701221.5261150906,622.2346809137083,244.6739205839005,1.0509708528696733,30,80.0,0.4,sigma,1.5,1.5,,,
1,MOPSO,random_key,none,mopso_p60_g40_w04_c15_a80_sigma,60,40,,1004,0.27175591699779034,3614.3300000000004,199.00421469585902,383700.3959886721,1105.146001022831,380.6557616377899,0.9150756649693534,10,80.0,0.4,sigma,1.5,1.5,,,
1,MOPSO,random_key,none,mopso_p60_g40_w04_c20_a80_sigma,60,40,,1000,0.27426500000001397,3921.3300000000004,177.15011677593964,783143.2486309622,1158.554631677625,916.4604383659043,0.8947639412963644,11,80.0,0.4,sigma,2.0,2.0,,,
1,MOPSO,random_key,none,mopso_p60_g40_w04_c20_a80_sigma,60,40,,1001,0.27529662499728147,4073.9500000000003,185.0747505619305,964880.061462239,1229.2195491368527,629.0040723774574,0.8790852785649571,12,80.0,0.4,sigma,2.0,2.0,,,
1,MOPSO,random_key,none,mopso_p60_g40_w04_c20_a80_sigma,60,40,,1002,0.2850767500058282,4083.9500000000003,156.98199720275923,483785.8761170297,1248.9538834405894,523.0404048625311,0.8230060598569852,14,80.0,0.4,sigma,2.0,2.0,,,
1,MOPSO,random_key,none,mopso_p60_g40_w04_c20_a80_sigma,60,40,,1003,0.2669632909965003,3339.9500000000003,235.76505462250185,760573.7150233833,997.6967062081999,816.5253564215909,0.8434316440551619,7,80.0,0.4,sigma,2.0,2.0,,,
1,MOPSO,random_key,none,mopso_p60_g40_w04_c20_a80_sigma,60,40,,1004,0.2763620420009829,3508.9500000000003,183.1699242618501,583829.2556326755,996.4501930892051,851.5981678949876,0.8663937708225468,9,80.0,0.4,sigma,2.0,2.0,,,
1,MOPSO,random_key,none,mopso_p60_g80_w04_c15_a40_sigma,60,80,,1000,0.5440738329925807,2105.9500000000003,202.7339784798809,798537.8234313538,525.7132851343495,513.6840984626451,1.1051464918528418,26,40.0,0.4,sigma,1.5,1.5,,,
1,MOPSO,random_key,none,mopso_p60_g80_w04_c15_a40_sigma,60,80,,1001,0.6296956669975771,2625.3300000000004,203.11435425705656,653285.358421587,587.5717811508765,259.89845888971905,0.9569318593790465,32,40.0,0.4,sigma,1.5,1.5,,,
1,MOPSO,random_key,none,mopso_p60_g80_w04_c15_a40_sigma,60,80,,1002,0.566185208997922,1206.5700000000002,238.8595863178146,1160118.1882454392,276.6697817041503,367.9472060825036,1.1081322773057998,38,40.0,0.4,sigma,1.5,1.5,,,
1,MOPSO,random_key,none,mopso_p60_g80_w04_c15_a40_sigma,60,80,,1003,0.611268332999316,1645.9500000000003,204.6667759785642,700343.7848686657,562.8665071931912,710.867435503427,1.0851208883264345,22,40.0,0.4,sigma,1.5,1.5,,,
1,MOPSO,random_key,none,mopso_p60_g80_w04_c15_a40_sigma,60,80,,1004,0.5405183330003638,2274.9500000000003,129.41818174376644,113356.63365795536,982.0919811365661,147.01220801511002,0.8799709358652427,12,40.0,0.4,sigma,1.5,1.5,,,
1,MOPSO,random_key,none,mopso_p60_g80_w04_c20_a40_sigma,60,80,,1000,0.541659125010483,2896.57,196.7204796200833,487104.95833786414,844.2093469972293,253.54326601302265,0.8710453941468784,13,40.0,0.4,sigma,2.0,2.0,,,
1,MOPSO,random_key,none,mopso_p60_g80_w04_c20_a40_sigma,60,80,,1001,0.5456424169969978,3017.3300000000004,163.02074778446328,745614.8613080735,754.0100592688684,928.2118995036149,0.7391259428266734,8,40.0,0.4,sigma,2.0,2.0,,,
1,MOPSO,random_key,none,mopso_p60_g80_w04_c20_a40_sigma,60,80,,1002,0.5588632080034586,3352.9500000000003,248.09591668510262,1424171.3420992233,883.1107802592281,943.9586943975172,1.0317703436363692,16,40.0,0.4,sigma,2.0,2.0,,,
1,MOPSO,random_key,none,mopso_p60_g80_w04_c20_a40_sigma,60,80,,1003,0.538033415999962,2688.9500000000003,146.89473320526582,396738.53875237895,627.4457582218922,504.688787292923,0.7642266884580773,10,40.0,0.4,sigma,2.0,2.0,,,
1,MOPSO,random_key,none,mopso_p60_g80_w04_c20_a40_sigma,60,80,,1004,0.5408095419988967,3364.3300000000004,224.04004193077415,543529.1800889728,980.7772210033522,362.9336273018948,0.8934620469747312,12,40.0,0.4,sigma,2.0,2.0,,,
1,MOPSO,random_key,none,mopso_p60_g80_w04_c15_a80_sigma,60,80,,1000,0.5398523329931777,2105.9500000000003,202.7339784798809,798537.8234313538,525.7132851343495,513.6840984626451,1.1051464918528418,26,80.0,0.4,sigma,1.5,1.5,,,
1,MOPSO,random_key,none,mopso_p60_g80_w04_c15_a80_sigma,60,80,,1001,0.7077982920018258,2224.3300000000004,193.3929301877466,597414.406917386,474.39111088856106,204.035218798063,1.3231917327016924,80,80.0,0.4,sigma,1.5,1.5,,,
1,MOPSO,random_key,none,mopso_p60_g80_w04_c15_a80_sigma,60,80,,1002,0.5712936250056373,1206.5700000000002,238.8595863178146,1160118.1882454392,276.6697817041503,367.9472060825036,1.1081322773057998,38,80.0,0.4,sigma,1.5,1.5,,,
1,MOPSO,random_key,none,mopso_p60_g80_w04_c15_a80_sigma,60,80,,1003,0.7299205000017537,2194.19,159.36744324398117,369147.2237118892,533.4676165616403,198.65350199949816,1.2661715272389875,66,80.0,0.4,sigma,1.5,1.5,,,
1,MOPSO,random_key,none,mopso_p60_g80_w04_c15_a80_sigma,60,80,,1004,0.5370788330037612,2274.9500000000003,129.41818174376644,113356.63365795536,982.0919811365661,147.01220801511002,0.8799709358652427,12,80.0,0.4,sigma,1.5,1.5,,,
1,MOPSO,random_key,none,mopso_p60_g80_w04_c20_a80_sigma,60,80,,1000,0.5395087499928195,2896.57,196.7204796200833,487104.95833786414,844.2093469972293,253.54326601302265,0.8710453941468784,13,80.0,0.4,sigma,2.0,2.0,,,
1,MOPSO,random_key,none,mopso_p60_g80_w04_c20_a80_sigma,60,80,,1001,0.5521803340088809,3017.3300000000004,163.02074778446328,745614.8613080735,754.0100592688684,928.2118995036149,0.7391259428266734,8,80.0,0.4,sigma,2.0,2.0,,,
1,MOPSO,random_key,none,mopso_p60_g80_w04_c20_a80_sigma,60,80,,1002,0.5532238339947071,3352.9500000000003,248.09591668510262,1424171.3420992233,883.1107802592281,943.9586943975172,1.0317703436363692,16,80.0,0.4,sigma,2.0,2.0,,,
1,MOPSO,random_key,none,mopso_p60_g80_w04_c20_a80_sigma,60,80,,1003,0.5355063330061967,2688.9500000000003,146.89473320526582,396738.53875237895,627.4457582218922,504.688787292923,0.7642266884580773,10,80.0,0.4,sigma,2.0,2.0,,,
1,MOPSO,random_key,none,mopso_p60_g80_w04_c20_a80_sigma,60,80,,1004,0.541706082993187,3364.3300000000004,224.04004193077415,543529.1800889728,980.7772210033522,362.9336273018948,0.8934620469747312,12,80.0,0.4,sigma,2.0,2.0,,,
1,P-ACO,direct_index,none,paco_p30_g40_a40_rho005_a10_t010,30,40,,1000,11.490160625005956,4950.330000000002,236.99744461195527,569636.0572586645,1960.852619221377,876.780578016606,0.9019478796520712,6,40.0,,,,,1.0,1.0,0.05
1,P-ACO,direct_index,none,paco_p30_g40_a40_rho005_a10_t010,30,40,,1001,11.429938916990068,5057.950000000001,252.32214813758344,1131056.047638153,1920.5348157442068,1065.135986312586,0.9424906379432041,8,40.0,,,,,1.0,1.0,0.05
1,P-ACO,direct_index,none,paco_p30_g40_a40_rho005_a10_t010,30,40,,1002,11.447641749997274,5261.330000000002,154.11731820746283,441936.53849820414,2092.8108194292254,349.53884499493904,0.8943368829520483,8,40.0,,,,,1.0,1.0,0.05
1,P-ACO,direct_index,none,paco_p30_g40_a40_rho005_a10_t010,30,40,,1003,11.477279332990292,4785.950000000001,236.51068386904728,842406.0045613165,1724.9134247221134,526.6357059564037,0.6576402088231013,7,40.0,,,,,1.0,1.0,0.05
1,P-ACO,direct_index,none,paco_p30_g40_a40_rho005_a10_t010,30,40,,1004,11.465686291005113,5156.33,180.06990923662556,364494.1675961674,1978.3539855322417,270.3765531577394,0.8222207548352246,14,40.0,,,,,1.0,1.0,0.05
1,P-ACO,direct_index,none,paco_p30_g40_a40_rho01_a10_t010,30,40,,1000,11.436011375000817,4780.950000000001,174.18216049616643,375530.36927266774,1748.1379851003949,631.5655317342066,0.845617529208348,8,40.0,,,,,1.0,1.0,0.1
1,P-ACO,direct_index,none,paco_p30_g40_a40_rho01_a10_t010,30,40,,1001,11.46579758299049,4564.33,195.03047475519793,682684.0196793176,1550.9108103436736,328.21665846103815,0.6241755983975316,11,40.0,,,,,1.0,1.0,0.1
1,P-ACO,direct_index,none,paco_p30_g40_a40_rho01_a10_t010,30,40,,1002,11.469348790997174,4907.33,248.2508326354868,628580.4220380518,1832.883168978381,446.7231585725974,0.8708518654786144,10,40.0,,,,,1.0,1.0,0.1
1,P-ACO,direct_index,none,paco_p30_g40_a40_rho01_a10_t010,30,40,,1003,11.46028133299842,4082.9500000000003,247.68421040613893,467858.5097723734,1369.2190561662255,120.62425319059346,0.697688506001154,6,40.0,,,,,1.0,1.0,0.1
1,P-ACO,direct_index,none,paco_p30_g40_a40_rho01_a10_t010,30,40,,1004,11.453702792001422,4800.33,172.92205599368032,1046486.6848680541,1659.9678646922648,610.804088018628,0.7304491152728991,9,40.0,,,,,1.0,1.0,0.1
1,P-ACO,direct_index,none,paco_p30_g40_a80_rho005_a10_t010,30,40,,1000,11.442988166993018,4950.330000000002,236.99744461195527,569636.0572586645,1960.852619221377,876.780578016606,0.9019478796520712,6,80.0,,,,,1.0,1.0,0.05
1,P-ACO,direct_index,none,paco_p30_g40_a80_rho005_a10_t010,30,40,,1001,11.466085375010152,5057.950000000001,252.32214813758344,1131056.047638153,1920.5348157442068,1065.135986312586,0.9424906379432041,8,80.0,,,,,1.0,1.0,0.05
1,P-ACO,direct_index,none,paco_p30_g40_a80_rho005_a10_t010,30,40,,1002,11.452051125001162,5261.330000000002,154.11731820746283,441936.53849820414,2092.8108194292254,349.53884499493904,0.8943368829520483,8,80.0,,,,,1.0,1.0,0.05
1,P-ACO,direct_index,none,paco_p30_g40_a80_rho005_a10_t010,30,40,,1003,11.443564792003599,4785.950000000001,236.51068386904728,842406.0045613165,1724.9134247221134,526.6357059564037,0.6576402088231013,7,80.0,,,,,1.0,1.0,0.05
1,P-ACO,direct_index,none,paco_p30_g40_a80_rho005_a10_t010,30,40,,1004,11.471006708001369,5156.33,180.06990923662556,364494.1675961674,1978.3539855322417,270.3765531577394,0.8222207548352246,14,80.0,,,,,1.0,1.0,0.05
1,P-ACO,direct_index,none,paco_p30_g40_a80_rho01_a10_t010,30,40,,1000,11.497837457995047,4780.950000000001,174.18216049616643,375530.36927266774,1748.1379851003949,631.5655317342066,0.845617529208348,8,80.0,,,,,1.0,1.0,0.1
1,P-ACO,direct_index,none,paco_p30_g40_a80_rho01_a10_t010,30,40,,1001,11.48430433300382,4564.33,195.03047475519793,682684.0196793176,1550.9108103436736,328.21665846103815,0.6241755983975316,11,80.0,,,,,1.0,1.0,0.1
1,P-ACO,direct_index,none,paco_p30_g40_a80_rho01_a10_t010,30,40,,1002,11.438722582999617,4907.33,248.2508326354868,628580.4220380518,1832.883168978381,446.7231585725974,0.8708518654786144,10,80.0,,,,,1.0,1.0,0.1
1,P-ACO,direct_index,none,paco_p30_g40_a80_rho01_a10_t010,30,40,,1003,11.456224499997916,4082.9500000000003,247.68421040613893,467858.5097723734,1369.2190561662255,120.62425319059346,0.697688506001154,6,80.0,,,,,1.0,1.0,0.1
1,P-ACO,direct_index,none,paco_p30_g40_a80_rho01_a10_t010,30,40,,1004,11.501444457986508,4800.33,172.92205599368032,1046486.6848680541,1659.9678646922648,610.804088018628,0.7304491152728991,9,80.0,,,,,1.0,1.0,0.1
1,P-ACO,direct_index,none,paco_p30_g80_a40_rho005_a10_t010,30,80,,1000,22.676438417009194,4118.33,200.83120619666863,360644.52493557375,1418.6842078897014,341.8005292455567,0.9355905813651635,11,40.0,,,,,1.0,1.0,0.05
1,P-ACO,direct_index,none,paco_p30_g80_a40_rho005_a10_t010,30,80,,1001,22.669453333001,3762.9500000000003,177.60847723678856,681636.193342839,1043.606070129735,800.2838517067165,0.8239105385907773,12,40.0,,,,,1.0,1.0,0.05
1,P-ACO,direct_index,none,paco_p30_g80_a40_rho005_a10_t010,30,80,,1002,22.72542041700217,3596.3300000000004,202.82508678663316,586809.6311735304,1097.783258857851,1132.0458488969773,0.8701805530499774,5,40.0,,,,,1.0,1.0,0.05
1,P-ACO,direct_index,none,paco_p30_g80_a40_rho005_a10_t010,30,80,,1003,22.76756983299856,4245.33,192.39900350731546,679102.6793791669,1380.188998441235,700.3430222262031,0.9553760385777301,11,40.0,,,,,1.0,1.0,0.05
1,P-ACO,direct_index,none,paco_p30_g80_a40_rho005_a10_t010,30,80,,1004,22.725499542008038,3658.3300000000004,211.34072511707708,696708.5709562209,1054.8359949839146,450.6758586151555,0.7901516917139109,10,40.0,,,,,1.0,1.0,0.05
1,P-ACO,direct_index,none,paco_p30_g80_a40_rho01_a10_t010,30,80,,1000,22.729779750006855,2031.9500000000003,177.39308461323134,305702.87079104764,676.3893487306254,498.57228553222234,0.8679200550881285,8,40.0,,,,,1.0,1.0,0.1
1,P-ACO,direct_index,none,paco_p30_g80_a40_rho01_a10_t010,30,80,,1001,22.85527749999892,2929.57,119.81614606857862,187420.5479564281,855.8600563749112,670.7368004335223,0.8559071217241505,7,40.0,,,,,1.0,1.0,0.1
1,P-ACO,direct_index,none,paco_p30_g80_a40_rho01_a10_t010,30,80,,1002,22.805069166992325,2222.9500000000003,120.39214144489722,47694.58031804956,1320.4233490424072,263.55846567573747,0.874181522113738,4,40.0,,,,,1.0,1.0,0.1
1,P-ACO,direct_index,none,paco_p30_g80_a40_rho01_a10_t010,30,80,,1003,22.79918720900605,1434.3300000000004,142.43673570470742,250202.1875980695,795.7240488329617,808.6677593690255,0.7970753932778277,5,40.0,,,,,1.0,1.0,0.1
1,P-ACO,direct_index,none,paco_p30_g80_a40_rho01_a10_t010,30,80,,1004,22.791207082991605,2452.9500000000003,163.2412284284173,315405.8245631783,715.1331743086416,263.74831104240064,0.6855893224116466,6,40.0,,,,,1.0,1.0,0.1
1,P-ACO,direct_index,none,paco_p30_g80_a80_rho005_a10_t010,30,80,,1000,22.66963420799584,4118.33,200.83120619666863,360644.52493557375,1418.6842078897014,341.8005292455567,0.9355905813651635,11,80.0,,,,,1.0,1.0,0.05
1,P-ACO,direct_index,none,paco_p30_g80_a80_rho005_a10_t010,30,80,,1001,22.7065753749921,3762.9500000000003,177.60847723678856,681636.193342839,1043.606070129735,800.2838517067165,0.8239105385907773,12,80.0,,,,,1.0,1.0,0.05
1,P-ACO,direct_index,none,paco_p30_g80_a80_rho005_a10_t010,30,80,,1002,22.714343915999052,3596.3300000000004,202.82508678663316,586809.6311735304,1097.783258857851,1132.0458488969773,0.8701805530499774,5,80.0,,,,,1.0,1.0,0.05
1,P-ACO,direct_index,none,paco_p30_g80_a80_rho005_a10_t010,30,80,,1003,22.707170291992952,4245.33,192.39900350731546,679102.6793791669,1380.188998441235,700.3430222262031,0.9553760385777301,11,80.0,,,,,1.0,1.0,0.05
1,P-ACO,direct_index,none,paco_p30_g80_a80_rho005_a10_t010,30,80,,1004,22.741759249998722,3658.3300000000004,211.34072511707708,696708.5709562209,1054.8359949839146,450.6758586151555,0.7901516917139109,10,80.0,,,,,1.0,1.0,0.05
1,P-ACO,direct_index,none,paco_p30_g80_a80_rho01_a10_t010,30,80,,1000,22.78311233400018,2031.9500000000003,177.39308461323134,305702.87079104764,676.3893487306254,498.57228553222234,0.8679200550881285,8,80.0,,,,,1.0,1.0,0.1
1,P-ACO,direct_index,none,paco_p30_g80_a80_rho01_a10_t010,30,80,,1001,22.81871950000641,2929.57,119.81614606857862,187420.5479564281,855.8600563749112,670.7368004335223,0.8559071217241505,7,80.0,,,,,1.0,1.0,0.1
1,P-ACO,direct_index,none,paco_p30_g80_a80_rho01_a10_t010,30,80,,1002,22.752770082995994,2222.9500000000003,120.39214144489722,47694.58031804956,1320.4233490424072,263.55846567573747,0.874181522113738,4,80.0,,,,,1.0,1.0,0.1
1,P-ACO,direct_index,none,paco_p30_g80_a80_rho01_a10_t010,30,80,,1003,22.824665041989647,1434.3300000000004,142.43673570470742,250202.1875980695,795.7240488329617,808.6677593690255,0.7970753932778277,5,80.0,,,,,1.0,1.0,0.1
1,P-ACO,direct_index,none,paco_p30_g80_a80_rho01_a10_t010,30,80,,1004,22.843100500002038,2452.9500000000003,163.2412284284173,315405.8245631783,715.1331743086416,263.74831104240064,0.6855893224116466,6,80.0,,,,,1.0,1.0,0.1
1,P-ACO,direct_index,none,paco_p60_g40_a40_rho005_a10_t010,60,40,,1000,22.59743416600395,4955.33,169.34786647608297,422716.92125996214,1853.9030076837864,492.83972708236837,0.7665808451211995,8,40.0,,,,,1.0,1.0,0.05
1,P-ACO,direct_index,none,paco_p60_g40_a40_rho005_a10_t010,60,40,,1001,22.66335687499668,5349.330000000002,214.874258777565,429345.61563062726,2164.7651387300943,747.8668483200851,0.9423871303188045,6,40.0,,,,,1.0,1.0,0.05
1,P-ACO,direct_index,none,paco_p60_g40_a40_rho005_a10_t010,60,40,,1002,22.63490679199458,5238.33,199.6592882444519,518290.2127392051,2024.0465686111609,236.96626782327112,0.8476796707907983,17,40.0,,,,,1.0,1.0,0.05
1,P-ACO,direct_index,none,paco_p60_g40_a40_rho005_a10_t010,60,40,,1003,22.634225375004462,4332.33,222.0797867464726,1072184.2372431268,1421.7774165491444,1072.4058142945848,0.7496947616248949,8,40.0,,,,,1.0,1.0,0.05
1,P-ACO,direct_index,none,paco_p60_g40_a40_rho005_a10_t010,60,40,,1004,22.63964962499449,4755.33,190.2392079981966,419748.5614752532,1735.2468129129686,360.64382575571057,0.803736041435208,8,40.0,,,,,1.0,1.0,0.05
1,P-ACO,direct_index,none,paco_p60_g40_a40_rho01_a10_t010,60,40,,1000,22.6094730420009,3339.9500000000003,186.7135639907314,490884.59443712916,891.8010201542476,462.6759716319147,0.8038307208958558,12,40.0,,,,,1.0,1.0,0.1
1,P-ACO,direct_index,none,paco_p60_g40_a40_rho01_a10_t010,60,40,,1001,22.64370866700483,3976.3300000000004,215.40503088780943,1089767.5557013412,1158.4590105463187,567.3767924735515,0.6551274228973885,9,40.0,,,,,1.0,1.0,0.1
1,P-ACO,direct_index,none,paco_p60_g40_a40_rho01_a10_t010,60,40,,1002,22.607482499995967,3390.9500000000003,246.69124100275087,835302.1986391353,937.5362267793658,514.6327968594246,0.7693610157197581,8,40.0,,,,,1.0,1.0,0.1
1,P-ACO,direct_index,none,paco_p60_g40_a40_rho01_a10_t010,60,40,,1003,22.669739707998815,4038.3300000000004,176.27280095233456,403458.8202011245,1293.0876562376768,493.91077653090474,0.8168505889786356,10,40.0,,,,,1.0,1.0,0.1
1,P-ACO,direct_index,none,paco_p60_g40_a40_rho01_a10_t010,60,40,,1004,22.748186666009133,3886.3300000000004,245.707723388125,932960.0967826756,1171.5173761612543,421.0906604817669,0.6799150272536525,9,40.0,,,,,1.0,1.0,0.1
1,P-ACO,direct_index,none,paco_p60_g40_a80_rho005_a10_t010,60,40,,1000,22.666163792004227,4955.33,169.34786647608297,422716.92125996214,1853.9030076837864,492.83972708236837,0.7665808451211995,8,80.0,,,,,1.0,1.0,0.05
1,P-ACO,direct_index,none,paco_p60_g40_a80_rho005_a10_t010,60,40,,1001,22.702181708998978,5349.330000000002,214.874258777565,429345.61563062726,2164.7651387300943,747.8668483200851,0.9423871303188045,6,80.0,,,,,1.0,1.0,0.05
1,P-ACO,direct_index,none,paco_p60_g40_a80_rho005_a10_t010,60,40,,1002,22.612005875009345,5238.33,199.6592882444519,518290.2127392051,2024.0465686111609,236.96626782327112,0.8476796707907983,17,80.0,,,,,1.0,1.0,0.05
1,P-ACO,direct_index,none,paco_p60_g40_a80_rho005_a10_t010,60,40,,1003,22.62551495799562,4332.33,222.0797867464726,1072184.2372431268,1421.7774165491444,1072.4058142945848,0.7496947616248949,8,80.0,,,,,1.0,1.0,0.05
1,P-ACO,direct_index,none,paco_p60_g40_a80_rho005_a10_t010,60,40,,1004,22.66449762499542,4755.33,190.2392079981966,419748.5614752532,1735.2468129129686,360.64382575571057,0.803736041435208,8,80.0,,,,,1.0,1.0,0.05
1,P-ACO,direct_index,none,paco_p60_g40_a80_rho01_a10_t010,60,40,,1000,22.652080083003966,3339.9500000000003,186.7135639907314,490884.59443712916,891.8010201542476,462.6759716319147,0.8038307208958558,12,80.0,,,,,1.0,1.0,0.1
1,P-ACO,direct_index,none,paco_p60_g40_a80_rho01_a10_t010,60,40,,1001,22.619274249998853,3976.3300000000004,215.40503088780943,1089767.5557013412,1158.4590105463187,567.3767924735515,0.6551274228973885,9,80.0,,,,,1.0,1.0,0.1
1,P-ACO,direct_index,none,paco_p60_g40_a80_rho01_a10_t010,60,40,,1002,22.651975875007338,3390.9500000000003,246.69124100275087,835302.1986391353,937.5362267793658,514.6327968594246,0.7693610157197581,8,80.0,,,,,1.0,1.0,0.1
1,P-ACO,direct_index,none,paco_p60_g40_a80_rho01_a10_t010,60,40,,1003,22.62799479199748,4038.3300000000004,176.27280095233456,403458.8202011245,1293.0876562376768,493.91077653090474,0.8168505889786356,10,80.0,,,,,1.0,1.0,0.1
1,P-ACO,direct_index,none,paco_p60_g40_a80_rho01_a10_t010,60,40,,1004,22.706321542005753,3886.3300000000004,245.707723388125,932960.0967826756,1171.5173761612543,421.0906604817669,0.6799150272536525,9,80.0,,,,,1.0,1.0,0.1
1,P-ACO,direct_index,none,paco_p60_g80_a40_rho005_a10_t010,60,80,,1000,44.841753792003146,3971.3300000000004,178.9877556782676,645606.1824940688,1189.0570651686846,667.3602287767799,0.8732517453686987,10,40.0,,,,,1.0,1.0,0.05
1,P-ACO,direct_index,none,paco_p60_g80_a40_rho005_a10_t010,60,80,,1001,44.781494875001954,3546.3300000000004,207.47215542388113,691995.0877499927,966.7203182554224,262.9649129420617,0.7033738189979116,14,40.0,,,,,1.0,1.0,0.05
1,P-ACO,direct_index,none,paco_p60_g80_a40_rho005_a10_t010,60,80,,1002,44.805533624996315,3217.9500000000003,204.75672210604594,796167.744251965,758.7741075007177,340.2967845094018,0.5579323696024197,9,40.0,,,,,1.0,1.0,0.05
1,P-ACO,direct_index,none,paco_p60_g80_a40_rho005_a10_t010,60,80,,1003,44.88457320800808,3527.3300000000004,182.5372862227378,909188.3228937971,1014.836572642375,1274.1679579271024,0.8697759419902196,9,40.0,,,,,1.0,1.0,0.05
1,P-ACO,direct_index,none,paco_p60_g80_a40_rho005_a10_t010,60,80,,1004,44.80540008399112,3908.3300000000004,137.32022628702316,311461.18418910465,1188.5573610645658,688.3940348012997,0.8225462404130113,9,40.0,,,,,1.0,1.0,0.05
1,P-ACO,direct_index,none,paco_p60_g80_a40_rho01_a10_t010,60,80,,1000,44.93309041700559,1360.19,163.62536822580287,418551.26517997764,713.1636206213473,885.4779666853011,0.8338406894474151,6,40.0,,,,,1.0,1.0,0.1
1,P-ACO,direct_index,none,paco_p60_g80_a40_rho01_a10_t010,60,80,,1001,45.03236845800711,1363.5700000000002,121.53436894055218,223728.95793597543,532.9224360799461,560.7872928545544,0.7689532395547589,7,40.0,,,,,1.0,1.0,0.1
1,P-ACO,direct_index,none,paco_p60_g80_a40_rho01_a10_t010,60,80,,1002,44.89931616699323,1405.9500000000003,108.01741009476393,219067.8264765794,610.2855082801645,1278.7264555461052,0.6997000981602265,6,40.0,,,,,1.0,1.0,0.1
1,P-ACO,direct_index,none,paco_p60_g80_a40_rho01_a10_t010,60,80,,1003,44.972282541013556,1738.9500000000003,122.93875335328397,289307.2691644902,513.1550835530429,879.9775878340117,0.8697284742015868,8,40.0,,,,,1.0,1.0,0.1
1,P-ACO,direct_index,none,paco_p60_g80_a40_rho01_a10_t010,60,80,,1004,44.910841208999045,2920.3300000000004,124.93601972798845,361907.49602969544,711.0568649448088,856.48732271723,0.818401888546958,11,40.0,,,,,1.0,1.0,0.1
1,P-ACO,direct_index,none,paco_p60_g80_a80_rho005_a10_t010,60,80,,1000,44.875344708008924,3971.3300000000004,178.9877556782676,645606.1824940688,1189.0570651686846,667.3602287767799,0.8732517453686987,10,80.0,,,,,1.0,1.0,0.05
1,P-ACO,direct_index,none,paco_p60_g80_a80_rho005_a10_t010,60,80,,1001,44.88269795800443,3546.3300000000004,207.47215542388113,691995.0877499927,966.7203182554224,262.9649129420617,0.7033738189979116,14,80.0,,,,,1.0,1.0,0.05
1,P-ACO,direct_index,none,paco_p60_g80_a80_rho005_a10_t010,60,80,,1002,44.75328449999506,3217.9500000000003,204.75672210604594,796167.744251965,758.7741075007177,340.2967845094018,0.5579323696024197,9,80.0,,,,,1.0,1.0,0.05
1,P-ACO,direct_index,none,paco_p60_g80_a80_rho005_a10_t010,60,80,,1003,44.825182000000495,3527.3300000000004,182.5372862227378,909188.3228937971,1014.836572642375,1274.1679579271024,0.8697759419902196,9,80.0,,,,,1.0,1.0,0.05
1,P-ACO,direct_index,none,paco_p60_g80_a80_rho005_a10_t010,60,80,,1004,44.93957516699447,3908.3300000000004,137.32022628702316,311461.18418910465,1188.5573610645658,688.3940348012997,0.8225462404130113,9,80.0,,,,,1.0,1.0,0.05
1,P-ACO,direct_index,none,paco_p60_g80_a80_rho01_a10_t010,60,80,,1000,45.050259875002666,1360.19,163.62536822580287,418551.26517997764,713.1636206213473,885.4779666853011,0.8338406894474151,6,80.0,,,,,1.0,1.0,0.1
1,P-ACO,direct_index,none,paco_p60_g80_a80_rho01_a10_t010,60,80,,1001,44.9701032909943,1363.5700000000002,121.53436894055218,223728.95793597543,532.9224360799461,560.7872928545544,0.7689532395547589,7,80.0,,,,,1.0,1.0,0.1
1,P-ACO,direct_index,none,paco_p60_g80_a80_rho01_a10_t010,60,80,,1002,44.85361812499468,1405.9500000000003,108.01741009476393,219067.8264765794,610.2855082801645,1278.7264555461052,0.6997000981602265,6,80.0,,,,,1.0,1.0,0.1
1,P-ACO,direct_index,none,paco_p60_g80_a80_rho01_a10_t010,60,80,,1003,44.993121292005526,1738.9500000000003,122.93875335328397,289307.2691644902,513.1550835530429,879.9775878340117,0.8697284742015868,8,80.0,,,,,1.0,1.0,0.1
1,P-ACO,direct_index,none,paco_p60_g80_a80_rho01_a10_t010,60,80,,1004,45.022280292003416,2920.3300000000004,124.93601972798845,361907.49602969544,711.0568649448088,856.48732271723,0.818401888546958,11,80.0,,,,,1.0,1.0,0.1
4,NSGA-II,direct_index,repair,nsgaii_p40_g40_m005,40,40,0.05,1000,0.24432679200253915,212.5,106.56120700882161,261884.52880287985,60.58073945712582,34.59345172970376,0.6892135905575599,40,,,,,,,,
4,NSGA-II,direct_index,repair,nsgaii_p40_g40_m005,40,40,0.05,1001,0.24503604200435802,145.5,81.08135297343293,193615.75038718048,46.83213713107137,109.53356803124413,0.9521078712975497,40,,,,,,,,
4,NSGA-II,direct_index,repair,nsgaii_p40_g40_m005,40,40,0.05,1002,0.2436546249955427,267.5,114.85987093262764,215459.93678412333,97.13755019170625,97.24281989074295,0.9538168922517469,40,,,,,,,,
4,NSGA-II,direct_index,repair,nsgaii_p40_g40_m005,40,40,0.05,1003,0.25102866599627305,185.5,185.8681725251458,383174.4996110262,101.05063917322123,102.48501482636394,0.8756183254550791,40,,,,,,,,
4,NSGA-II,direct_index,repair,nsgaii_p40_g40_m005,40,40,0.05,1004,0.24320137499307748,287.5,101.82306445727941,99942.5022121425,102.08672004718784,41.970251036203074,0.8042474800121311,40,,,,,,,,
4,NSGA-II,direct_index,repair,nsgaii_p40_g40_m01,40,40,0.1,1000,0.2409532500023488,316.5,129.9487584682163,201790.56399787514,128.28925249331655,46.75982625742326,0.7048748298580518,40,,,,,,,,
4,NSGA-II,direct_index,repair,nsgaii_p40_g40_m01,40,40,0.1,1001,0.24770870800421108,324.5,121.43578620306671,222827.8166499991,131.03872561481242,62.23944700575255,0.8532572719465475,40,,,,,,,,
4,NSGA-II,direct_index,repair,nsgaii_p40_g40_m01,40,40,0.1,1002,0.24543004199222196,217.5,209.86369009365706,400933.84386140853,122.76876898325466,74.0092718380226,0.8943295979182019,40,,,,,,,,
4,NSGA-II,direct_index,repair,nsgaii_p40_g40_m01,40,40,0.1,1003,0.2529539590032073,258.5,130.45032333897677,365341.95264621876,103.17968252660424,128.45078773517878,0.9425375003665533,40,,,,,,,,
4,NSGA-II,direct_index,repair,nsgaii_p40_g40_m01,40,40,0.1,1004,0.2416838750068564,319.5,103.21186210743029,151378.7141759886,124.47070725998792,46.308322744487256,0.8072163398800515,40,,,,,,,,
4,NSGA-II,direct_index,repair,nsgaii_p40_g40_m02,40,40,0.2,1000,0.24397783300082665,462.5,193.4275040211839,357725.77825950517,243.25052368544172,78.12314065563928,0.7931798881772794,40,,,,,,,,
4,NSGA-II,direct_index,repair,nsgaii_p40_g40_m02,40,40,0.2,1001,0.2489946670102654,526.5,122.68254997013777,371080.50095786486,270.20513252725806,51.32794820487251,0.7639864576903668,40,,,,,,,,
4,NSGA-II,direct_index,repair,nsgaii_p40_g40_m02,40,40,0.2,1002,0.24053916700358968,344.5,99.1785755108784,250787.79518285277,144.16512699411984,84.65603955018186,0.7839274387781825,40,,,,,,,,
4,NSGA-II,direct_index,repair,nsgaii_p40_g40_m02,40,40,0.2,1003,0.24395170800562482,440.5,113.4103910392573,243651.99544080155,190.81069925023735,81.36840102541977,0.7970763402171196,40,,,,,,,,
4,NSGA-II,direct_index,repair,nsgaii_p40_g40_m02,40,40,0.2,1004,0.23992329199973028,462.5,127.08998957957837,488793.5810054537,225.59864374340327,174.1490898486826,0.9790565952688441,40,,,,,,,,
4,NSGA-II,direct_index,repair,nsgaii_p40_g80_m005,40,80,0.05,1000,0.4747247919876827,118.5,53.617873767340214,413042.09462160093,26.05171055474127,82.55687367495285,1.055561728962447,40,,,,,,,,
4,NSGA-II,direct_index,repair,nsgaii_p40_g80_m005,40,80,0.05,1001,0.47811575001105666,122.5,96.2715006354715,234358.95922231214,42.65325839933417,170.66268048839623,1.0197390208308845,40,,,,,,,,
4,NSGA-II,direct_index,repair,nsgaii_p40_g80_m005,40,80,0.05,1002,0.4922826249967329,118.5,144.2823514046999,298847.8073041933,50.31707528202224,129.50154206889815,1.03190830143425,40,,,,,,,,
4,NSGA-II,direct_index,repair,nsgaii_p40_g80_m005,40,80,0.05,1003,0.48717199999373406,199.5,68.20735486392692,270918.0432958266,72.08483910342605,126.47649398809381,0.9128928968101773,40,,,,,,,,
4,NSGA-II,direct_index,repair,nsgaii_p40_g80_m005,40,80,0.05,1004,0.4726156249962514,148.5,114.30795486961566,110683.63188049252,31.543247312339894,44.02175288850028,0.7861667006066104,40,,,,,,,,
4,NSGA-II,direct_index,repair,nsgaii_p40_g80_m01,40,80,0.1,1000,0.4863897920004092,232.5,88.17650872234947,350148.4650025889,69.40307730758852,92.25332637185183,0.8420324635531073,40,,,,,,,,
4,NSGA-II,direct_index,repair,nsgaii_p40_g80_m01,40,80,0.1,1001,0.47390275000361726,293.5,95.69632197899908,227987.46669857315,103.91972235129171,37.042529011647495,0.7556052582410302,40,,,,,,,,
4,NSGA-II,direct_index,repair,nsgaii_p40_g80_m01,40,80,0.1,1002,0.4798234589979984,304.5,81.4356729030891,410997.5560614234,97.91717675414883,85.6919907611281,0.9007451379828025,40,,,,,,,,
4,NSGA-II,direct_index,repair,nsgaii_p40_g80_m01,40,80,0.1,1003,0.47682704200269654,203.5,106.04222394794363,207026.40810922137,73.01425885281894,54.576280813616584,0.694851209292254,40,,,,,,,,
4,NSGA-II,direct_index,repair,nsgaii_p40_g80_m01,40,80,0.1,1004,0.47437362499476876,252.5,84.55323122493854,271599.00735870947,72.37318585782089,84.92778230828712,0.8730308864085647,40,,,,,,,,
4,NSGA-II,direct_index,repair,nsgaii_p40_g80_m02,40,80,0.2,1000,0.4809087500034366,484.5,111.46013552205393,360564.54895250866,231.68412488274734,82.77956111158464,0.819399417554446,40,,,,,,,,
4,NSGA-II,direct_index,repair,nsgaii_p40_g80_m02,40,80,0.2,1001,0.48569158400641754,483.5,110.42302893324477,202380.10886273196,233.9849195260067,73.62484005940713,0.8793649847921432,40,,,,,,,,
4,NSGA-II,direct_index,repair,nsgaii_p40_g80_m02,40,80,0.2,1002,0.47183416699408554,344.5,99.1785755108784,301077.3537219562,143.26059988927017,42.36231502228874,0.7191402168075467,40,,,,,,,,
4,NSGA-II,direct_index,repair,nsgaii_p40_g80_m02,40,80,0.2,1003,0.46850720900692977,350.5,101.55716261615267,251233.56547294982,143.4566490456123,73.10511849067522,0.728803610960766,40,,,,,,,,
4,NSGA-II,direct_index,repair,nsgaii_p40_g80_m02,40,80,0.2,1004,0.46939662500517443,469.5,99.19626697497587,353484.37398035853,217.29025824546738,114.60670461414422,0.9541524597585669,40,,,,,,,,
4,NSGA-II,direct_index,repair,nsgaii_p80_g40_m005,80,40,0.05,1000,0.7153870000038296,231.5,130.67032389131612,421540.39777440956,83.04479623399277,91.10800326029569,0.9471149601859243,80,,,,,,,,
4,NSGA-II,direct_index,repair,nsgaii_p80_g40_m005,80,40,0.05,1001,0.7098663340002531,156.5,169.55991076311201,267812.62645728036,88.0793933811553,26.13303739913104,0.7437246543880445,80,,,,,,,,
4,NSGA-II,direct_index,repair,nsgaii_p80_g40_m005,80,40,0.05,1002,0.695109375010361,133.5,124.08086880761886,329768.03633795964,48.293597211924194,101.3870633343539,0.937078231455327,80,,,,,,,,
4,NSGA-II,direct_index,repair,nsgaii_p80_g40_m005,80,40,0.05,1003,0.710075708993827,181.5,98.38622191551883,250118.3933042961,64.89108681471623,43.1382726653475,0.8020702460133304,80,,,,,,,,
4,NSGA-II,direct_index,repair,nsgaii_p80_g40_m005,80,40,0.05,1004,0.6930986250081332,220.5,90.13820308597901,206755.00689662163,63.24803247794912,26.46152529798013,0.7193445124111748,80,,,,,,,,
4,NSGA-II,direct_index,repair,nsgaii_p80_g40_m01,80,40,0.1,1000,0.6900232919870177,188.5,135.07633598835105,224622.63506318026,80.02027175123273,21.36340785759172,0.6711871330464945,80,,,,,,,,
4,NSGA-II,direct_index,repair,nsgaii_p80_g40_m01,80,40,0.1,1001,0.6912229589943308,199.5,139.1506991874454,397230.8704840385,93.24235575500563,52.41499971116894,0.8847055887184754,80,,,,,,,,
4,NSGA-II,direct_index,repair,nsgaii_p80_g40_m01,80,40,0.1,1002,0.6815098749939352,162.5,135.92014693776355,320760.4321519074,81.76385415646449,71.52264959236184,0.8821964959420019,80,,,,,,,,
4,NSGA-II,direct_index,repair,nsgaii_p80_g40_m01,80,40,0.1,1003,0.6847349579911679,265.5,133.7439015823648,288252.09791375825,111.45166693223742,43.60847675676559,0.8881805710475085,80,,,,,,,,
4,NSGA-II,direct_index,repair,nsgaii_p80_g40_m01,80,40,0.1,1004,0.6836194589996012,187.5,143.88386457776176,505588.2336803261,75.20206528438744,124.56148414834489,0.9196003849130454,80,,,,,,,,
4,NSGA-II,direct_index,repair,nsgaii_p80_g40_m02,80,40,0.2,1000,0.6866480830067303,319.5,158.59727431556118,340990.85217994114,150.40943932556928,40.35638632132213,0.808272346222937,80,,,,,,,,
4,NSGA-II,direct_index,repair,nsgaii_p80_g40_m02,80,40,0.2,1001,0.684174209003686,506.5,107.9020241280308,278255.81235899986,245.8311437589428,37.67135960883977,0.6988000760049938,80,,,,,,,,
4,NSGA-II,direct_index,repair,nsgaii_p80_g40_m02,80,40,0.2,1002,0.6952661670075031,326.5,130.41933629848123,431913.50956755347,143.39095352053306,38.928960261993936,0.7104216990399363,80,,,,,,,,
4,NSGA-II,direct_index,repair,nsgaii_p80_g40_m02,80,40,0.2,1003,0.6942047080083285,283.5,124.03793800650178,698425.0850455213,120.6522243796852,71.55210562245382,0.8629488628856655,80,,,,,,,,
4,NSGA-II,direct_index,repair,nsgaii_p80_g40_m02,80,40,0.2,1004,0.6709688330010977,370.5,87.36750754663575,281536.1439923963,154.32936835849242,85.92636457331983,0.8317692408746814,80,,,,,,,,
4,NSGA-II,direct_index,repair,nsgaii_p80_g80_m005,80,80,0.05,1000,1.3760919580090558,186.5,58.09264412159189,93795.75345020943,33.059910071215505,20.27605892212725,0.811291830677447,80,,,,,,,,
4,NSGA-II,direct_index,repair,nsgaii_p80_g80_m005,80,80,0.05,1001,1.3994272499985527,131.5,117.15172262766477,416299.0955311447,39.852694923785975,38.42274240809073,0.8607013883896668,80,,,,,,,,
4,NSGA-II,direct_index,repair,nsgaii_p80_g80_m005,80,80,0.05,1002,1.3718290830001934,117.5,67.0609908472756,196314.14179724807,23.967578640470144,43.85351542043309,0.9067757571924956,80,,,,,,,,
4,NSGA-II,direct_index,repair,nsgaii_p80_g80_m005,80,80,0.05,1003,1.3903714999905787,67.5,91.6824113420642,162295.99031226075,19.04982473669938,39.817004482339506,0.899838251738227,80,,,,,,,,
4,NSGA-II,direct_index,repair,nsgaii_p80_g80_m005,80,80,0.05,1004,1.3635709170048358,134.5,75.097485033953,156099.19632286174,22.445135825741737,32.231152565841654,0.9102986943252227,80,,,,,,,,
4,NSGA-II,direct_index,repair,nsgaii_p80_g80_m01,80,80,0.1,1000,1.355177207995439,164.5,105.77996150217987,255412.960412812,54.054581240938816,37.55528899992116,0.7949334287389601,80,,,,,,,,
4,NSGA-II,direct_index,repair,nsgaii_p80_g80_m01,80,80,0.1,1001,1.3736985840077978,199.5,139.1506991874454,433953.51655032014,77.77799788881099,71.34226693630077,0.948148952351328,80,,,,,,,,
4,NSGA-II,direct_index,repair,nsgaii_p80_g80_m01,80,80,0.1,1002,1.3462873749958817,118.5,129.25508448074652,254352.96256057816,50.19096150658338,51.52763356093219,0.7707510451386456,80,,,,,,,,
4,NSGA-II,direct_index,repair,nsgaii_p80_g80_m01,80,80,0.1,1003,1.3513333329901798,225.5,117.32864786149645,357076.6241944991,73.09017115238925,57.13917198589431,0.8551566521364111,80,,,,,,,,
4,NSGA-II,direct_index,repair,nsgaii_p80_g80_m01,80,80,0.1,1004,1.3371755410043988,211.5,74.5422631036187,456202.30531841435,55.811792249434546,40.91108106792761,0.802023501629449,80,,,,,,,,
4,NSGA-II,direct_index,repair,nsgaii_p80_g80_m02,80,80,0.2,1000,1.360697790994891,247.5,163.10450958720216,432751.9084083545,112.46757560967264,48.12965733487664,0.8162497151210121,80,,,,,,,,
4,NSGA-II,direct_index,repair,nsgaii_p80_g80_m02,80,80,0.2,1001,1.3439102080010343,397.5,72.62730041577109,414116.1201229098,163.33669935469635,65.31640028787572,0.917247317585767,80,,,,,,,,
4,NSGA-II,direct_index,repair,nsgaii_p80_g80_m02,80,80,0.2,1002,1.3520116669969866,317.5,116.66887833176214,512985.50251038704,128.3463108244347,65.17774164407403,0.8153510658014179,80,,,,,,,,
4,NSGA-II,direct_index,repair,nsgaii_p80_g80_m02,80,80,0.2,1003,1.3709139169950504,282.5,108.09202084132059,437984.12214171956,110.28032920651688,90.54760382669036,0.9410009579467247,80,,,,,,,,
4,NSGA-II,direct_index,repair,nsgaii_p80_g80_m02,80,80,0.2,1004,1.3129335420089774,370.5,87.36750754663575,209922.3877877228,151.0049202056662,45.83150795142024,0.8774462286325616,80,,,,,,,,
4,PAES,direct_index,repair,paes_p1_g400_m005_a40,1,400,0.05,1000,1.1242398750036955,566.5,108.67910738225805,21728.164715633582,307.71934493024384,101.99156159038208,1.4936702149188819,40,40.0,,,,,,,
4,PAES,direct_index,repair,paes_p1_g400_m005_a40,1,400,0.05,1001,1.1075295000046026,340.5,89.99463877523688,83685.74893141855,137.75029723466446,51.51845624492916,1.2127534899006238,40,40.0,,,,,,,
4,PAES,direct_index,repair,paes_p1_g400_m005_a40,1,400,0.05,1002,1.1346185830043396,468.5,141.65221159646177,154448.84086377962,233.32613333415563,61.0844823250693,1.3206582843872023,40,40.0,,,,,,,
4,PAES,direct_index,repair,paes_p1_g400_m005_a40,1,400,0.05,1003,0.9958504169917433,269.5,95.94867537827679,73476.40259252768,102.01620715147378,70.77126324680079,1.175561146114249,40,40.0,,,,,,,
4,PAES,direct_index,repair,paes_p1_g400_m005_a40,1,400,0.05,1004,1.0856936249911087,294.5,68.5632985828932,209175.13513978006,101.3576076452206,71.1982309073491,1.0796031967174344,40,40.0,,,,,,,
4,PAES,direct_index,repair,paes_p1_g400_m01_a40,1,400,0.1,1000,1.030710791994352,394.5,70.13316484627168,159754.8826525477,167.90571801091292,63.98093910167593,1.3617259985294117,40,40.0,,,,,,,
4,PAES,direct_index,repair,paes_p1_g400_m01_a40,1,400,0.1,1001,0.9269884590030415,358.5,105.94832503457101,271304.52968237863,149.62824629813525,79.153882081655,1.2729894329809903,39,40.0,,,,,,,
4,PAES,direct_index,repair,paes_p1_g400_m01_a40,1,400,0.1,1002,1.0058517919969745,328.5,108.92481520893429,206532.66298072494,138.84446760296086,64.55645805349086,1.2551919554416275,40,40.0,,,,,,,
4,PAES,direct_index,repair,paes_p1_g400_m01_a40,1,400,0.1,1003,1.0211330830061343,658.5,130.48340432355673,123895.17116504122,374.001709073557,69.41070880157827,1.1770101763987564,40,40.0,,,,,,,
4,PAES,direct_index,repair,paes_p1_g400_m01_a40,1,400,0.1,1004,0.9520584580022842,451.5,110.60239877331868,70633.87202570653,212.8160077144241,43.66101574100791,1.2036054289552285,40,40.0,,,,,,,
4,PAES,direct_index,repair,paes_p1_g400_m02_a40,1,400,0.2,1000,0.8717869170068298,467.5,125.94499386480649,325292.5843700723,235.49210176720356,142.90013849544658,0.8622995026068029,16,40.0,,,,,,,
4,PAES,direct_index,repair,paes_p1_g400_m02_a40,1,400,0.2,1001,0.9921013749990379,784.5,104.40229861440645,94775.68210349597,457.6500372700425,57.64971969700549,1.3294155595060821,40,40.0,,,,,,,
4,PAES,direct_index,repair,paes_p1_g400_m02_a40,1,400,0.2,1002,0.9549645000079181,440.5,146.38128275519523,272435.35668516584,232.67963959193744,68.74475676011333,1.1534295850724454,40,40.0,,,,,,,
4,PAES,direct_index,repair,paes_p1_g400_m02_a40,1,400,0.2,1003,0.9257457500061719,838.5,111.59342152535665,31035.25853755568,505.0904734094165,46.55382213923741,1.2510763039082646,40,40.0,,,,,,,
4,PAES,direct_index,repair,paes_p1_g400_m02_a40,1,400,0.2,1004,0.9476179579942254,637.5,105.37898667958433,109973.04030352752,362.2759606640873,77.1153373938902,1.2848509312459322,40,40.0,,,,,,,
4,PAES,direct_index,repair,paes_p1_g400_m005_a80,1,400,0.05,1000,1.2512921250017826,566.5,108.67910738225805,21728.164715633582,307.71934493024384,72.63248729203765,1.5734359564570468,80,80.0,,,,,,,
4,PAES,direct_index,repair,paes_p1_g400_m005_a80,1,400,0.05,1001,1.2334142920008162,340.5,89.99463877523688,83685.74893141855,137.75029723466446,38.495746227982764,1.4516206557642843,80,80.0,,,,,,,
4,PAES,direct_index,repair,paes_p1_g400_m005_a80,1,400,0.05,1002,1.2611317499977304,468.5,141.65221159646177,154448.84086377962,233.32613333415563,44.04246695351738,1.4305792183510095,80,80.0,,,,,,,
4,PAES,direct_index,repair,paes_p1_g400_m005_a80,1,400,0.05,1003,1.038226708988077,269.5,95.94867537827679,73476.40259252768,102.01620715147378,51.81614574053636,1.4540950311782845,80,80.0,,,,,,,
4,PAES,direct_index,repair,paes_p1_g400_m005_a80,1,400,0.05,1004,1.1501701669913018,294.5,68.5632985828932,209175.13513978006,101.3576076452206,59.85506720027288,1.3064191677478227,63,80.0,,,,,,,
4,PAES,direct_index,repair,paes_p1_g400_m01_a80,1,400,0.1,1000,1.1402322920039296,394.5,70.13316484627168,159754.8826525477,167.90571801091292,46.76976727176665,1.5466363138417099,80,80.0,,,,,,,
4,PAES,direct_index,repair,paes_p1_g400_m01_a80,1,400,0.1,1001,0.931124833994545,358.5,105.94832503457101,271304.52968237863,149.62824629813525,79.153882081655,1.2729894329809903,39,80.0,,,,,,,
4,PAES,direct_index,repair,paes_p1_g400_m01_a80,1,400,0.1,1002,1.0629804999916814,328.5,108.92481520893429,206532.66298072494,138.84446760296086,51.39458443544758,1.4280649065443158,68,80.0,,,,,,,
4,PAES,direct_index,repair,paes_p1_g400_m01_a80,1,400,0.1,1003,1.1371866670087911,658.5,130.48340432355673,123895.17116504122,374.001709073557,52.58542430388316,1.358909948951334,80,80.0,,,,,,,
4,PAES,direct_index,repair,paes_p1_g400_m01_a80,1,400,0.1,1004,1.0643666249961825,451.5,110.60239877331868,70633.87202570653,212.8160077144241,33.207027850227306,1.4084843025540108,80,80.0,,,,,,,
4,PAES,direct_index,repair,paes_p1_g400_m02_a80,1,400,0.2,1000,0.869980832998408,467.5,125.94499386480649,325292.5843700723,235.49210176720356,142.90013849544658,0.8622995026068029,16,80.0,,,,,,,
4,PAES,direct_index,repair,paes_p1_g400_m02_a80,1,400,0.2,1001,1.104962625002372,784.5,104.40229861440645,94775.68210349597,457.6500372700425,41.29298192259257,1.3973079751206845,80,80.0,,,,,,,
4,PAES,direct_index,repair,paes_p1_g400_m02_a80,1,400,0.2,1002,1.0293431250029244,440.5,146.38128275519523,272435.35668516584,232.67963959193744,51.88372580961294,1.3689600452051738,80,80.0,,,,,,,
4,PAES,direct_index,repair,paes_p1_g400_m02_a80,1,400,0.2,1003,1.0348730830010027,838.5,111.59342152535665,31035.25853755568,505.0904734094165,33.78007222794282,1.3322909652161241,80,80.0,,,,,,,
4,PAES,direct_index,repair,paes_p1_g400_m02_a80,1,400,0.2,1004,1.046025916992221,637.5,105.37898667958433,109973.04030352752,362.2759606640873,55.78301757687152,1.423982105364936,80,80.0,,,,,,,
4,PAES,direct_index,repair,paes_p1_g800_m005_a40,1,800,0.05,1000,2.1635072079952806,243.5,81.74548227195989,68858.2508035863,85.29510928642635,107.67982580505499,1.4494431127264067,40,40.0,,,,,,,
4,PAES,direct_index,repair,paes_p1_g800_m005_a40,1,800,0.05,1001,2.0536751660110895,340.5,89.99463877523688,106165.05578580733,135.02793409403682,48.0046753239338,1.1602036529765154,40,40.0,,,,,,,
4,PAES,direct_index,repair,paes_p1_g800_m005_a40,1,800,0.05,1002,2.069081499997992,381.5,69.82712107822908,196207.38154153328,156.9526018344784,44.32576263452529,1.1511842931526757,40,40.0,,,,,,,
4,PAES,direct_index,repair,paes_p1_g800_m005_a40,1,800,0.05,1003,1.951111915986985,269.5,95.94867537827679,48860.93167400764,118.79719543818342,28.805975749023755,1.0424044201131053,40,40.0,,,,,,,
4,PAES,direct_index,repair,paes_p1_g800_m005_a40,1,800,0.05,1004,1.999519874996622,267.5,59.482005111091766,228437.9627431012,88.66597009761136,115.70337782784117,1.2100027777757558,40,40.0,,,,,,,
4,PAES,direct_index,repair,paes_p1_g800_m01_a40,1,800,0.1,1000,1.8912618339963956,165.5,104.88629943898215,191025.76046730668,60.40461401640331,71.04709620790662,1.3647615896805207,40,40.0,,,,,,,
4,PAES,direct_index,repair,paes_p1_g800_m01_a40,1,800,0.1,1001,1.8054616659937892,358.5,105.94832503457101,296653.18871152104,147.70473746514625,65.38646323496636,1.188836513568603,39,40.0,,,,,,,
4,PAES,direct_index,repair,paes_p1_g800_m01_a40,1,800,0.1,1002,1.8993870420090389,328.5,108.92481520893429,229577.96873519124,140.29929252149782,64.65763863317147,1.1498714160570138,40,40.0,,,,,,,
4,PAES,direct_index,repair,paes_p1_g800_m01_a40,1,800,0.1,1003,1.9502955000061775,463.5,105.99954050511329,196449.3142261799,220.40515893270288,88.85121979516478,1.1337129842342382,40,40.0,,,,,,,
4,PAES,direct_index,repair,paes_p1_g800_m01_a40,1,800,0.1,1004,1.8419554580032127,366.5,111.0313430083835,81896.5079501088,160.2832470558325,47.39338238551063,1.035428365385738,40,40.0,,,,,,,
4,PAES,direct_index,repair,paes_p1_g800_m02_a40,1,800,0.2,1000,1.6989174589980394,467.5,125.94499386480649,143239.91457124165,237.3306749157715,82.6043970913013,1.2305014623599864,39,40.0,,,,,,,
4,PAES,direct_index,repair,paes_p1_g800_m02_a40,1,800,0.2,1001,1.8884395000059158,468.5,142.31452759085826,133486.3443595328,236.6211158899898,65.94016066189394,1.3776224099049763,40,40.0,,,,,,,
4,PAES,direct_index,repair,paes_p1_g800_m02_a40,1,800,0.2,1002,1.8206220000138273,440.5,146.38128275519523,292337.3714676051,220.62680348539615,67.46090675848824,1.1138564225084453,40,40.0,,,,,,,
4,PAES,direct_index,repair,paes_p1_g800_m02_a40,1,800,0.2,1003,1.8186933749966556,704.5,101.54921030833762,35528.9226533341,397.5594946386378,57.05564807314641,1.2969726978318008,40,40.0,,,,,,,
4,PAES,direct_index,repair,paes_p1_g800_m02_a40,1,800,0.2,1004,1.797286291999626,637.5,105.37898667958433,123889.07147073613,352.0978805995542,57.74011072707171,1.2480545901532178,40,40.0,,,,,,,
4,PAES,direct_index,repair,paes_p1_g800_m005_a80,1,800,0.05,1000,2.438837791996775,243.5,81.74548227195989,68858.2508035863,85.29510928642635,77.42815649176484,1.6274321322390233,80,80.0,,,,,,,
4,PAES,direct_index,repair,paes_p1_g800_m005_a80,1,800,0.05,1001,2.3112646660010796,340.5,89.99463877523688,106165.05578580733,135.02793409403682,35.98725552863345,1.4058072424586754,80,80.0,,,,,,,
4,PAES,direct_index,repair,paes_p1_g800_m005_a80,1,800,0.05,1002,2.320651166999596,381.5,69.82712107822908,196207.38154153328,156.9526018344784,33.39089924261713,1.3949436638469754,80,80.0,,,,,,,
4,PAES,direct_index,repair,paes_p1_g800_m005_a80,1,800,0.05,1003,2.131016332990839,269.5,95.94867537827679,48860.93167400764,118.79719543818342,22.367860083437634,1.3150282753585711,80,80.0,,,,,,,
4,PAES,direct_index,repair,paes_p1_g800_m005_a80,1,800,0.05,1004,2.145453249991988,267.5,59.482005111091766,228437.9627431012,88.66597009761136,92.99822353906299,1.382993681301619,63,80.0,,,,,,,
4,PAES,direct_index,repair,paes_p1_g800_m01_a80,1,800,0.1,1000,2.1323772499890765,165.5,104.88629943898215,191025.76046730668,60.40461401640331,51.87692895917134,1.6091782619513466,80,80.0,,,,,,,
4,PAES,direct_index,repair,paes_p1_g800_m01_a80,1,800,0.1,1001,1.8119030840025516,358.5,105.94832503457101,296653.18871152104,147.70473746514625,65.38646323496636,1.188836513568603,39,80.0,,,,,,,
4,PAES,direct_index,repair,paes_p1_g800_m01_a80,1,800,0.1,1002,2.05220454200753,328.5,108.92481520893429,229577.96873519124,140.29929252149782,47.93305344469318,1.3956942073082768,80,80.0,,,,,,,
4,PAES,direct_index,repair,paes_p1_g800_m01_a80,1,800,0.1,1003,2.1867147500015562,463.5,105.99954050511329,196449.3142261799,220.40515893270288,66.26428731998297,1.329383465961332,80,80.0,,,,,,,
4,PAES,direct_index,repair,paes_p1_g800_m01_a80,1,800,0.1,1004,2.0695059170102468,366.5,111.0313430083835,81896.5079501088,160.2832470558325,36.26963752681626,1.2967573732080486,80,80.0,,,,,,,
4,PAES,direct_index,repair,paes_p1_g800_m02_a80,1,800,0.2,1000,1.6939277500059688,467.5,125.94499386480649,143239.91457124165,237.3306749157715,82.6043970913013,1.2305014623599864,39,80.0,,,,,,,
4,PAES,direct_index,repair,paes_p1_g800_m02_a80,1,800,0.2,1001,2.122168458008673,468.5,142.31452759085826,133486.3443595328,236.6211158899898,47.73364645406439,1.511299741394202,80,80.0,,,,,,,
4,PAES,direct_index,repair,paes_p1_g800_m02_a80,1,800,0.2,1002,2.00567337499524,440.5,146.38128275519523,292337.3714676051,220.62680348539615,50.947706350818905,1.3477715050200925,80,80.0,,,,,,,
4,PAES,direct_index,repair,paes_p1_g800_m02_a80,1,800,0.2,1003,2.050885541990283,704.5,101.54921030833762,35528.9226533341,397.5594946386378,41.29409503345413,1.393416249571954,80,80.0,,,,,,,
4,PAES,direct_index,repair,paes_p1_g800_m02_a80,1,800,0.2,1004,2.02424791600788,637.5,105.37898667958433,123889.07147073613,352.0978805995542,42.899468568561815,1.4305944361844156,80,80.0,,,,,,,
4,MOPSO,random_key,none,mopso_p30_g40_w04_c15_a40_sigma,30,40,,1000,0.1472789170074975,690.5,216.18297638016628,378829.34709213756,427.41660305740817,275.70863919848193,0.9108063149975298,14,40.0,0.4,sigma,1.5,1.5,,,
4,MOPSO,random_key,none,mopso_p30_g40_w04_c15_a40_sigma,30,40,,1001,0.1364265419979347,498.5,93.78281990480207,58620.423484257124,248.44112503736918,111.7318420643806,1.129001956673337,15,40.0,0.4,sigma,1.5,1.5,,,
4,MOPSO,random_key,none,mopso_p30_g40_w04_c15_a40_sigma,30,40,,1002,0.14610866599832661,757.5,162.31071668816332,64653.913416750576,454.5631787762378,48.24689930666007,0.9171435412442128,16,40.0,0.4,sigma,1.5,1.5,,,
4,MOPSO,random_key,none,mopso_p30_g40_w04_c15_a40_sigma,30,40,,1003,0.1388188330020057,692.5,128.0513534149677,125535.752169491,379.83446203825275,158.05950031594932,1.051974371236462,13,40.0,0.4,sigma,1.5,1.5,,,
4,MOPSO,random_key,none,mopso_p30_g40_w04_c15_a40_sigma,30,40,,1004,0.13498012500349432,335.5,134.73134757196934,18548.306181536613,172.74814679383476,204.9433609546366,0.9341853582582412,6,40.0,0.4,sigma,1.5,1.5,,,
4,MOPSO,random_key,none,mopso_p30_g40_w04_c20_a40_sigma,30,40,,1000,0.14816675000474788,671.5,208.21446212269976,355363.8491371597,398.3703098500493,315.3593352567036,0.8991338978233082,10,40.0,0.4,sigma,2.0,2.0,,,
4,MOPSO,random_key,none,mopso_p30_g40_w04_c20_a40_sigma,30,40,,1001,0.1499300419964129,544.5,133.2934156871279,30294.17985404683,302.65784669992763,215.67158679511675,0.8337735404323195,6,40.0,0.4,sigma,2.0,2.0,,,
4,MOPSO,random_key,none,mopso_p30_g40_w04_c20_a40_sigma,30,40,,1002,0.15186591699603014,761.5,220.75285473429074,129748.21461638642,484.20004941137535,119.81274781621262,0.9195436992832019,15,40.0,0.4,sigma,2.0,2.0,,,
4,MOPSO,random_key,none,mopso_p30_g40_w04_c20_a40_sigma,30,40,,1003,0.14142400000127964,835.5,173.75021606590497,103445.62903957792,517.9239396422042,189.6573832426519,0.7478812895853456,5,40.0,0.4,sigma,2.0,2.0,,,
4,MOPSO,random_key,none,mopso_p30_g40_w04_c20_a40_sigma,30,40,,1004,0.13978533299814444,659.5,136.2364561694054,299262.40648830874,374.1152697958889,393.979459924834,0.9066415732950084,10,40.0,0.4,sigma,2.0,2.0,,,
4,MOPSO,random_key,none,mopso_p30_g40_w04_c15_a80_sigma,30,40,,1000,0.1472514999913983,690.5,216.18297638016628,378829.34709213756,427.41660305740817,275.70863919848193,0.9108063149975298,14,80.0,0.4,sigma,1.5,1.5,,,
4,MOPSO,random_key,none,mopso_p30_g40_w04_c15_a80_sigma,30,40,,1001,0.13711083399539348,498.5,93.78281990480207,58620.423484257124,248.44112503736918,111.7318420643806,1.129001956673337,15,80.0,0.4,sigma,1.5,1.5,,,
4,MOPSO,random_key,none,mopso_p30_g40_w04_c15_a80_sigma,30,40,,1002,0.1462001249892637,757.5,162.31071668816332,64653.913416750576,454.5631787762378,48.24689930666007,0.9171435412442128,16,80.0,0.4,sigma,1.5,1.5,,,
4,MOPSO,random_key,none,mopso_p30_g40_w04_c15_a80_sigma,30,40,,1003,0.13874424999812618,692.5,128.0513534149677,125535.752169491,379.83446203825275,158.05950031594932,1.051974371236462,13,80.0,0.4,sigma,1.5,1.5,,,
4,MOPSO,random_key,none,mopso_p30_g40_w04_c15_a80_sigma,30,40,,1004,0.13471658299386036,335.5,134.73134757196934,18548.306181536613,172.74814679383476,204.9433609546366,0.9341853582582412,6,80.0,0.4,sigma,1.5,1.5,,,
4,MOPSO,random_key,none,mopso_p30_g40_w04_c20_a80_sigma,30,40,,1000,0.14028287499968428,671.5,208.21446212269976,355363.8491371597,398.3703098500493,315.3593352567036,0.8991338978233082,10,80.0,0.4,sigma,2.0,2.0,,,
4,MOPSO,random_key,none,mopso_p30_g40_w04_c20_a80_sigma,30,40,,1001,0.14813241599767935,544.5,133.2934156871279,30294.17985404683,302.65784669992763,215.67158679511675,0.8337735404323195,6,80.0,0.4,sigma,2.0,2.0,,,
4,MOPSO,random_key,none,mopso_p30_g40_w04_c20_a80_sigma,30,40,,1002,0.15198033300112002,761.5,220.75285473429074,129748.21461638642,484.20004941137535,119.81274781621262,0.9195436992832019,15,80.0,0.4,sigma,2.0,2.0,,,
4,MOPSO,random_key,none,mopso_p30_g40_w04_c20_a80_sigma,30,40,,1003,0.14198387500073295,835.5,173.75021606590497,103445.62903957792,517.9239396422042,189.6573832426519,0.7478812895853456,5,80.0,0.4,sigma,2.0,2.0,,,
4,MOPSO,random_key,none,mopso_p30_g40_w04_c20_a80_sigma,30,40,,1004,0.13926637500117067,659.5,136.2364561694054,299262.40648830874,374.1152697958889,393.979459924834,0.9066415732950084,10,80.0,0.4,sigma,2.0,2.0,,,
4,MOPSO,random_key,none,mopso_p30_g80_w04_c15_a40_sigma,30,80,,1000,0.30944570899009705,690.5,216.18297638016628,400182.28482225677,429.2721788914086,230.01002819262658,1.2318817596882536,40,40.0,0.4,sigma,1.5,1.5,,,
4,MOPSO,random_key,none,mopso_p30_g80_w04_c15_a40_sigma,30,80,,1001,0.2906198749988107,230.5,77.95609512082605,18502.015934809377,100.67894517877671,65.89289236561751,0.8590178052769154,10,40.0,0.4,sigma,1.5,1.5,,,
4,MOPSO,random_key,none,mopso_p30_g80_w04_c15_a40_sigma,30,80,,1002,0.3506119590019807,757.5,162.31071668816332,188086.90994579435,444.27764525070126,59.70957972932156,1.113267000175641,40,40.0,0.4,sigma,1.5,1.5,,,
4,MOPSO,random_key,none,mopso_p30_g80_w04_c15_a40_sigma,30,80,,1003,0.2919654580036877,377.5,132.02863449630695,48982.096367714745,171.16310039426935,45.64288555784175,1.1601839227320994,34,40.0,0.4,sigma,1.5,1.5,,,
4,MOPSO,random_key,none,mopso_p30_g80_w04_c15_a40_sigma,30,80,,1004,0.2681313329958357,281.5,89.95652621635608,25637.65793959117,128.17578788893402,94.78751852458056,1.1536888622363644,18,40.0,0.4,sigma,1.5,1.5,,,
4,MOPSO,random_key,none,mopso_p30_g80_w04_c20_a40_sigma,30,80,,1000,0.2751135830039857,574.5,178.23706103707346,183081.57291502014,341.0692121883592,457.4613833272814,1.0868839430446546,8,40.0,0.4,sigma,2.0,2.0,,,
4,MOPSO,random_key,none,mopso_p30_g80_w04_c20_a40_sigma,30,80,,1001,0.2998793750011828,544.5,133.2934156871279,39895.94572604893,292.61366797696314,47.757664557697474,1.215814096898723,36,40.0,0.4,sigma,2.0,2.0,,,
4,MOPSO,random_key,none,mopso_p30_g80_w04_c20_a40_sigma,30,80,,1002,0.2848322089994326,563.5,262.37503800649506,424618.7504409217,344.9619103106106,211.8234095537861,0.7653197653803251,10,40.0,0.4,sigma,2.0,2.0,,,
4,MOPSO,random_key,none,mopso_p30_g80_w04_c20_a40_sigma,30,80,,1003,0.3182433750043856,547.5,157.42295092645736,164070.34794331968,301.4520778323508,155.80917582288865,1.25973350394565,40,40.0,0.4,sigma,2.0,2.0,,,
4,MOPSO,random_key,none,mopso_p30_g80_w04_c20_a40_sigma,30,80,,1004,0.2835844170040218,659.5,136.2364561694054,510004.51102505886,335.30890348613326,196.7578781414278,0.8763992628092117,13,40.0,0.4,sigma,2.0,2.0,,,
4,MOPSO,random_key,none,mopso_p30_g80_w04_c15_a80_sigma,30,80,,1000,0.3065069169970229,690.5,216.18297638016628,400182.28482225677,429.2721788914086,222.11974525200236,1.244924527135367,43,80.0,0.4,sigma,1.5,1.5,,,
4,MOPSO,random_key,none,mopso_p30_g80_w04_c15_a80_sigma,30,80,,1001,0.288088000001153,230.5,77.95609512082605,18502.015934809377,100.67894517877671,65.89289236561751,0.8590178052769154,10,80.0,0.4,sigma,1.5,1.5,,,
4,MOPSO,random_key,none,mopso_p30_g80_w04_c15_a80_sigma,30,80,,1002,0.43140820899861865,757.5,162.31071668816332,205128.083156119,445.44809825286524,47.287922199821345,1.2274491710947983,80,80.0,0.4,sigma,1.5,1.5,,,
4,MOPSO,random_key,none,mopso_p30_g80_w04_c15_a80_sigma,30,80,,1003,0.2934310419950634,377.5,132.02863449630695,48982.096367714745,171.16310039426935,45.64288555784175,1.1601839227320994,34,80.0,0.4,sigma,1.5,1.5,,,
4,MOPSO,random_key,none,mopso_p30_g80_w04_c15_a80_sigma,30,80,,1004,0.26888337499985937,281.5,89.95652621635608,25637.65793959117,128.17578788893402,94.78751852458056,1.1536888622363644,18,80.0,0.4,sigma,1.5,1.5,,,
4,MOPSO,random_key,none,mopso_p30_g80_w04_c20_a80_sigma,30,80,,1000,0.27325883400044404,574.5,178.23706103707346,183081.57291502014,341.0692121883592,457.4613833272814,1.0868839430446546,8,80.0,0.4,sigma,2.0,2.0,,,
4,MOPSO,random_key,none,mopso_p30_g80_w04_c20_a80_sigma,30,80,,1001,0.3009705419972306,544.5,133.2934156871279,39895.94572604893,292.61366797696314,47.757664557697474,1.215814096898723,36,80.0,0.4,sigma,2.0,2.0,,,
4,MOPSO,random_key,none,mopso_p30_g80_w04_c20_a80_sigma,30,80,,1002,0.286267166986363,563.5,262.37503800649506,424618.7504409217,344.9619103106106,211.8234095537861,0.7653197653803251,10,80.0,0.4,sigma,2.0,2.0,,,
4,MOPSO,random_key,none,mopso_p30_g80_w04_c20_a80_sigma,30,80,,1003,0.31319195800460875,547.5,157.42295092645736,164070.34794331968,301.4520778323508,147.24006354733635,1.2822137141813477,45,80.0,0.4,sigma,2.0,2.0,,,
4,MOPSO,random_key,none,mopso_p30_g80_w04_c20_a80_sigma,30,80,,1004,0.2844658329995582,659.5,136.2364561694054,510004.51102505886,335.30890348613326,196.7578781414278,0.8763992628092117,13,80.0,0.4,sigma,2.0,2.0,,,
4,MOPSO,random_key,none,mopso_p60_g40_w04_c15_a40_sigma,60,40,,1000,0.2658629580109846,495.5,143.77431321579806,63907.058455196995,271.6733855199953,115.01440847248873,0.6419124506395738,7,40.0,0.4,sigma,1.5,1.5,,,
4,MOPSO,random_key,none,mopso_p60_g40_w04_c15_a40_sigma,60,40,,1001,0.27040641600615345,471.5,145.18848203921942,150380.6057370535,266.66335210488205,373.27199396575304,1.0100613683906776,9,40.0,0.4,sigma,1.5,1.5,,,
4,MOPSO,random_key,none,mopso_p60_g40_w04_c15_a40_sigma,60,40,,1002,0.2626297499955399,643.5,210.1782486670209,118235.93448490436,398.0956239425147,198.01369003030786,1.0318894225090436,10,40.0,0.4,sigma,1.5,1.5,,,
4,MOPSO,random_key,none,mopso_p60_g40_w04_c15_a40_sigma,60,40,,1003,0.2689569579961244,600.5,245.97667978802997,441934.5211017524,363.9105143071883,265.63913543707275,0.9392381788836371,16,40.0,0.4,sigma,1.5,1.5,,,
4,MOPSO,random_key,none,mopso_p60_g40_w04_c15_a40_sigma,60,40,,1004,0.27559941601066384,523.5,140.20672877786623,134146.7471906066,284.9342727254329,179.6501852567593,1.1783605098838421,27,40.0,0.4,sigma,1.5,1.5,,,
4,MOPSO,random_key,none,mopso_p60_g40_w04_c20_a40_sigma,60,40,,1000,0.26992908399552107,570.5,184.98034530932884,247982.7481310432,322.2186514580233,495.3782418871006,0.8732238366913263,5,40.0,0.4,sigma,2.0,2.0,,,
4,MOPSO,random_key,none,mopso_p60_g40_w04_c20_a40_sigma,60,40,,1001,0.2550337499997113,584.5,142.8709874680959,10620.118121531275,342.13869009540724,68.75366704855547,0.8176290623205613,3,40.0,0.4,sigma,2.0,2.0,,,
4,MOPSO,random_key,none,mopso_p60_g40_w04_c20_a40_sigma,60,40,,1002,0.2631751250009984,557.5,148.31055086241855,184525.62415964273,302.5681469106154,308.61884130539875,0.699355885350387,7,40.0,0.4,sigma,2.0,2.0,,,
4,MOPSO,random_key,none,mopso_p60_g40_w04_c20_a40_sigma,60,40,,1003,0.2674114169931272,482.5,200.60708394353583,207039.20460967312,269.67345174622443,394.2728651512976,0.8946054664126517,7,40.0,0.4,sigma,2.0,2.0,,,
4,MOPSO,random_key,none,mopso_p60_g40_w04_c20_a40_sigma,60,40,,1004,0.2652130839996971,516.5,203.86695458100925,335166.134982624,295.3652084590655,402.53295027218974,0.9268915678397607,10,40.0,0.4,sigma,2.0,2.0,,,
4,MOPSO,random_key,none,mopso_p60_g40_w04_c15_a80_sigma,60,40,,1000,0.26297587499720976,495.5,143.77431321579806,63907.058455196995,271.6733855199953,115.01440847248873,0.6419124506395738,7,80.0,0.4,sigma,1.5,1.5,,,
4,MOPSO,random_key,none,mopso_p60_g40_w04_c15_a80_sigma,60,40,,1001,0.26546904200222343,471.5,145.18848203921942,150380.6057370535,266.66335210488205,373.27199396575304,1.0100613683906776,9,80.0,0.4,sigma,1.5,1.5,,,
4,MOPSO,random_key,none,mopso_p60_g40_w04_c15_a80_sigma,60,40,,1002,0.264252207998652,643.5,210.1782486670209,118235.93448490436,398.0956239425147,198.01369003030786,1.0318894225090436,10,80.0,0.4,sigma,1.5,1.5,,,
4,MOPSO,random_key,none,mopso_p60_g40_w04_c15_a80_sigma,60,40,,1003,0.2677270830026828,600.5,245.97667978802997,441934.5211017524,363.9105143071883,265.63913543707275,0.9392381788836371,16,80.0,0.4,sigma,1.5,1.5,,,
4,MOPSO,random_key,none,mopso_p60_g40_w04_c15_a80_sigma,60,40,,1004,0.27621820899366867,523.5,140.20672877786623,134146.7471906066,284.9342727254329,179.6501852567593,1.1783605098838421,27,80.0,0.4,sigma,1.5,1.5,,,
4,MOPSO,random_key,none,mopso_p60_g40_w04_c20_a80_sigma,60,40,,1000,0.2705059580039233,570.5,184.98034530932884,247982.7481310432,322.2186514580233,495.3782418871006,0.8732238366913263,5,80.0,0.4,sigma,2.0,2.0,,,
4,MOPSO,random_key,none,mopso_p60_g40_w04_c20_a80_sigma,60,40,,1001,0.25740450000739656,584.5,142.8709874680959,10620.118121531275,342.13869009540724,68.75366704855547,0.8176290623205613,3,80.0,0.4,sigma,2.0,2.0,,,
4,MOPSO,random_key,none,mopso_p60_g40_w04_c20_a80_sigma,60,40,,1002,0.2633434170129476,557.5,148.31055086241855,184525.62415964273,302.5681469106154,308.61884130539875,0.699355885350387,7,80.0,0.4,sigma,2.0,2.0,,,
4,MOPSO,random_key,none,mopso_p60_g40_w04_c20_a80_sigma,60,40,,1003,0.26477395799884107,482.5,200.60708394353583,207039.20460967312,269.67345174622443,394.2728651512976,0.8946054664126517,7,80.0,0.4,sigma,2.0,2.0,,,
4,MOPSO,random_key,none,mopso_p60_g40_w04_c20_a80_sigma,60,40,,1004,0.2640862499974901,516.5,203.86695458100925,335166.134982624,295.3652084590655,402.53295027218974,0.9268915678397607,10,80.0,0.4,sigma,2.0,2.0,,,
4,MOPSO,random_key,none,mopso_p60_g80_w04_c15_a40_sigma,60,80,,1000,0.5163869590032846,487.5,82.45391915430751,58664.21816842128,233.00161355034555,149.66053237521928,0.8173921543370261,7,40.0,0.4,sigma,1.5,1.5,,,
4,MOPSO,random_key,none,mopso_p60_g80_w04_c15_a40_sigma,60,80,,1001,0.5891527089988813,401.5,100.12620592424027,31870.062675500914,207.878114302675,35.74459033966866,0.7156082992892429,6,40.0,0.4,sigma,1.5,1.5,,,
4,MOPSO,random_key,none,mopso_p60_g80_w04_c15_a40_sigma,60,80,,1002,0.5946789159934269,670.5,108.44454824322361,346605.9766217962,374.70555733345645,216.29353690998155,1.3210715490328018,35,40.0,0.4,sigma,1.5,1.5,,,
4,MOPSO,random_key,none,mopso_p60_g80_w04_c15_a40_sigma,60,80,,1003,0.5417468329978874,414.5,99.53371999438669,71075.03367721497,194.07610518252477,246.69077558989045,0.7779075481984739,8,40.0,0.4,sigma,1.5,1.5,,,
4,MOPSO,random_key,none,mopso_p60_g80_w04_c15_a40_sigma,60,80,,1004,0.5673931250057649,322.5,139.6457460067331,140228.87191001538,141.29974427194523,135.18347988564682,0.7164872707999552,11,40.0,0.4,sigma,1.5,1.5,,,
4,MOPSO,random_key,none,mopso_p60_g80_w04_c20_a40_sigma,60,80,,1000,0.5243114589975448,555.5,143.27857356508883,250486.79344395187,313.5367812698918,161.51049072229716,0.803608089581394,10,40.0,0.4,sigma,2.0,2.0,,,
4,MOPSO,random_key,none,mopso_p60_g80_w04_c20_a40_sigma,60,80,,1001,0.49719558299693745,436.5,66.6316089817278,13476.577256094508,194.125671519555,75.3772756665263,0.6299505268054676,7,40.0,0.4,sigma,2.0,2.0,,,
4,MOPSO,random_key,none,mopso_p60_g80_w04_c20_a40_sigma,60,80,,1002,0.5190709169983165,444.5,181.2570686670483,299762.37376652966,235.17115174085055,370.7365471900872,0.932313773616063,12,40.0,0.4,sigma,2.0,2.0,,,
4,MOPSO,random_key,none,mopso_p60_g80_w04_c20_a40_sigma,60,80,,1003,0.5272321249940433,482.5,200.60708394353583,307477.3773531096,269.7709052542765,312.0471909155487,1.0023505424476706,12,40.0,0.4,sigma,2.0,2.0,,,
4,MOPSO,random_key,none,mopso_p60_g80_w04_c20_a40_sigma,60,80,,1004,0.5209950409916928,450.5,195.4666618787016,229640.45866099122,257.36497596224075,146.4738827137857,0.7470456011347495,11,40.0,0.4,sigma,2.0,2.0,,,
4,MOPSO,random_key,none,mopso_p60_g80_w04_c15_a80_sigma,60,80,,1000,0.5164369170088321,487.5,82.45391915430751,58664.21816842128,233.00161355034555,149.66053237521928,0.8173921543370261,7,80.0,0.4,sigma,1.5,1.5,,,
4,MOPSO,random_key,none,mopso_p60_g80_w04_c15_a80_sigma,60,80,,1001,0.6200379579968285,364.5,128.88965417399834,65526.956430231054,165.10970541697824,62.59310535505091,1.2215631393958093,31,80.0,0.4,sigma,1.5,1.5,,,
4,MOPSO,random_key,none,mopso_p60_g80_w04_c15_a80_sigma,60,80,,1002,0.6530290419905214,655.5,128.80669901138356,337581.1012472174,376.5085795839713,132.8209775476262,1.3620804964812525,80,80.0,0.4,sigma,1.5,1.5,,,
4,MOPSO,random_key,none,mopso_p60_g80_w04_c15_a80_sigma,60,80,,1003,0.5429004999896279,414.5,99.53371999438669,71075.03367721497,194.07610518252477,246.69077558989045,0.7779075481984739,8,80.0,0.4,sigma,1.5,1.5,,,
4,MOPSO,random_key,none,mopso_p60_g80_w04_c15_a80_sigma,60,80,,1004,0.567148250003811,322.5,139.6457460067331,140228.87191001538,141.29974427194523,135.18347988564682,0.7164872707999552,11,80.0,0.4,sigma,1.5,1.5,,,
4,MOPSO,random_key,none,mopso_p60_g80_w04_c20_a80_sigma,60,80,,1000,0.5227963340003043,555.5,143.27857356508883,250486.79344395187,313.5367812698918,161.51049072229716,0.803608089581394,10,80.0,0.4,sigma,2.0,2.0,,,
4,MOPSO,random_key,none,mopso_p60_g80_w04_c20_a80_sigma,60,80,,1001,0.49846616700233426,436.5,66.6316089817278,13476.577256094508,194.125671519555,75.3772756665263,0.6299505268054676,7,80.0,0.4,sigma,2.0,2.0,,,
4,MOPSO,random_key,none,mopso_p60_g80_w04_c20_a80_sigma,60,80,,1002,0.5203640000108862,444.5,181.2570686670483,299762.37376652966,235.17115174085055,370.7365471900872,0.932313773616063,12,80.0,0.4,sigma,2.0,2.0,,,
4,MOPSO,random_key,none,mopso_p60_g80_w04_c20_a80_sigma,60,80,,1003,0.5264897919987561,482.5,200.60708394353583,307477.3773531096,269.7709052542765,312.0471909155487,1.0023505424476706,12,80.0,0.4,sigma,2.0,2.0,,,
4,MOPSO,random_key,none,mopso_p60_g80_w04_c20_a80_sigma,60,80,,1004,0.5176132079941453,450.5,195.4666618787016,229640.45866099122,257.36497596224075,146.4738827137857,0.7470456011347495,11,80.0,0.4,sigma,2.0,2.0,,,
4,P-ACO,direct_index,none,paco_p30_g40_a40_rho005_a10_t010,30,40,,1000,11.513453624997055,281.5,216.8246135650718,314990.28695703286,195.55898942816714,249.2696592625916,0.763258214363355,10,40.0,,,,,1.0,1.0,0.05
4,P-ACO,direct_index,none,paco_p30_g40_a40_rho005_a10_t010,30,40,,1001,11.495890082995174,637.5,264.94776297843384,138997.12663694468,398.26869438850383,118.22678952012552,0.7184390147365658,6,40.0,,,,,1.0,1.0,0.05
4,P-ACO,direct_index,none,paco_p30_g40_a40_rho005_a10_t010,30,40,,1002,11.51829066699429,633.5,242.13054886361988,202582.6009965783,390.86705536590677,121.7268664020503,0.7768257975173752,10,40.0,,,,,1.0,1.0,0.05
4,P-ACO,direct_index,none,paco_p30_g40_a40_rho005_a10_t010,30,40,,1003,11.506229708000319,586.5,173.8429996489988,86565.72763643252,341.1031369954229,154.06687721698918,0.8286161815601341,9,40.0,,,,,1.0,1.0,0.05
4,P-ACO,direct_index,none,paco_p30_g40_a40_rho005_a10_t010,30,40,,1004,11.50103837500501,492.5,135.31849354275727,170230.44875106114,277.6633917971935,426.8680637101604,0.668644702885421,6,40.0,,,,,1.0,1.0,0.05
4,P-ACO,direct_index,none,paco_p30_g40_a40_rho01_a10_t010,30,40,,1000,11.50252479199844,583.5,171.99467037376013,115217.13030572189,341.49316362515515,192.38364987559657,0.7802132821350514,8,40.0,,,,,1.0,1.0,0.1
4,P-ACO,direct_index,none,paco_p30_g40_a40_rho01_a10_t010,30,40,,1001,11.531708958005765,696.5,264.20605085333347,379631.343149315,448.3052162428007,165.22320776761916,0.7791990894755929,11,40.0,,,,,1.0,1.0,0.1
4,P-ACO,direct_index,none,paco_p30_g40_a40_rho01_a10_t010,30,40,,1002,11.526246875000652,682.5,174.7942132509264,131986.01432435907,409.0410566295408,125.84044794351638,0.862495518369852,14,40.0,,,,,1.0,1.0,0.1
4,P-ACO,direct_index,none,paco_p30_g40_a40_rho01_a10_t010,30,40,,1003,11.507198332998087,777.5,194.1762464826012,42471.784460291456,480.3762968309485,47.96029040642786,0.7634048007850631,7,40.0,,,,,1.0,1.0,0.1
4,P-ACO,direct_index,none,paco_p30_g40_a40_rho01_a10_t010,30,40,,1004,11.49186287500197,724.5,216.12064540306238,140705.5003506949,452.82241689478667,206.68068143272464,0.7038124317865236,5,40.0,,,,,1.0,1.0,0.1
4,P-ACO,direct_index,none,paco_p30_g40_a80_rho005_a10_t010,30,40,,1000,11.507514541997807,281.5,216.8246135650718,314990.28695703286,195.55898942816714,249.2696592625916,0.763258214363355,10,80.0,,,,,1.0,1.0,0.05
4,P-ACO,direct_index,none,paco_p30_g40_a80_rho005_a10_t010,30,40,,1001,11.497091917000944,637.5,264.94776297843384,138997.12663694468,398.26869438850383,118.22678952012552,0.7184390147365658,6,80.0,,,,,1.0,1.0,0.05
4,P-ACO,direct_index,none,paco_p30_g40_a80_rho005_a10_t010,30,40,,1002,11.486718166997889,633.5,242.13054886361988,202582.6009965783,390.86705536590677,121.7268664020503,0.7768257975173752,10,80.0,,,,,1.0,1.0,0.05
4,P-ACO,direct_index,none,paco_p30_g40_a80_rho005_a10_t010,30,40,,1003,11.490151125006378,586.5,173.8429996489988,86565.72763643252,341.1031369954229,154.06687721698918,0.8286161815601341,9,80.0,,,,,1.0,1.0,0.05
4,P-ACO,direct_index,none,paco_p30_g40_a80_rho005_a10_t010,30,40,,1004,11.49953045800794,492.5,135.31849354275727,170230.44875106114,277.6633917971935,426.8680637101604,0.668644702885421,6,80.0,,,,,1.0,1.0,0.05
4,P-ACO,direct_index,none,paco_p30_g40_a80_rho01_a10_t010,30,40,,1000,11.52480645799369,583.5,171.99467037376013,115217.13030572189,341.49316362515515,192.38364987559657,0.7802132821350514,8,80.0,,,,,1.0,1.0,0.1
4,P-ACO,direct_index,none,paco_p30_g40_a80_rho01_a10_t010,30,40,,1001,11.513369459004025,696.5,264.20605085333347,379631.343149315,448.3052162428007,165.22320776761916,0.7791990894755929,11,80.0,,,,,1.0,1.0,0.1
4,P-ACO,direct_index,none,paco_p30_g40_a80_rho01_a10_t010,30,40,,1002,11.527125959008117,682.5,174.7942132509264,131986.01432435907,409.0410566295408,125.84044794351638,0.862495518369852,14,80.0,,,,,1.0,1.0,0.1
4,P-ACO,direct_index,none,paco_p30_g40_a80_rho01_a10_t010,30,40,,1003,11.51098937500501,777.5,194.1762464826012,42471.784460291456,480.3762968309485,47.96029040642786,0.7634048007850631,7,80.0,,,,,1.0,1.0,0.1
4,P-ACO,direct_index,none,paco_p30_g40_a80_rho01_a10_t010,30,40,,1004,11.51546054201026,724.5,216.12064540306238,140705.5003506949,452.82241689478667,206.68068143272464,0.7038124317865236,5,80.0,,,,,1.0,1.0,0.1
4,P-ACO,direct_index,none,paco_p30_g80_a40_rho005_a10_t010,30,80,,1000,22.788914333999855,281.5,216.8246135650718,152078.54566343737,183.5689660727863,107.47452217106105,0.6019895301378114,9,40.0,,,,,1.0,1.0,0.05
4,P-ACO,direct_index,none,paco_p30_g80_a40_rho005_a10_t010,30,80,,1001,22.7327701250033,704.5,162.3937607029891,152590.9000612365,392.7370370144778,69.37500371744726,0.7130090777087181,8,40.0,,,,,1.0,1.0,0.05
4,P-ACO,direct_index,none,paco_p30_g80_a40_rho005_a10_t010,30,80,,1002,22.82175649999408,633.5,242.13054886361988,464659.82986855856,398.6906860581299,395.5021185921358,0.963186340209548,10,40.0,,,,,1.0,1.0,0.05
4,P-ACO,direct_index,none,paco_p30_g80_a40_rho005_a10_t010,30,80,,1003,22.749107374998857,586.5,173.8429996489988,239415.2780584031,339.9905933903071,234.02444952394902,0.7627646129885839,9,40.0,,,,,1.0,1.0,0.05
4,P-ACO,direct_index,none,paco_p30_g80_a40_rho005_a10_t010,30,80,,1004,22.740733958999044,492.5,135.31849354275727,179942.60448419905,260.2990377738035,654.6814648017875,0.8742880453662891,7,40.0,,,,,1.0,1.0,0.05
4,P-ACO,direct_index,none,paco_p30_g80_a40_rho01_a10_t010,30,80,,1000,22.804584209006862,640.5,90.1157654647107,143878.29083750385,361.4676415756412,334.1228903435692,0.86845522442815,6,40.0,,,,,1.0,1.0,0.1
4,P-ACO,direct_index,none,paco_p30_g80_a40_rho01_a10_t010,30,80,,1001,22.851512624998577,696.5,162.08931861898523,357861.3196731187,402.41976341357696,205.89943146914837,0.8313396802363,10,40.0,,,,,1.0,1.0,0.1
4,P-ACO,direct_index,none,paco_p30_g80_a40_rho01_a10_t010,30,80,,1002,22.899464832997182,544.5,174.5082836190718,113878.35840744077,299.13396774240346,160.97394316166972,0.8019085643877397,8,40.0,,,,,1.0,1.0,0.1
4,P-ACO,direct_index,none,paco_p30_g80_a40_rho01_a10_t010,30,80,,1003,22.835285666995333,489.5,111.74097030998597,58748.12958721622,269.1050968636292,163.70015888519083,0.6802233858111812,7,40.0,,,,,1.0,1.0,0.1
4,P-ACO,direct_index,none,paco_p30_g80_a40_rho01_a10_t010,30,80,,1004,22.86695533299644,512.5,178.99543235416306,140568.53124161152,281.0682950940977,148.1333776014371,0.7361929813119498,10,40.0,,,,,1.0,1.0,0.1
4,P-ACO,direct_index,none,paco_p30_g80_a80_rho005_a10_t010,30,80,,1000,22.798633541999152,281.5,216.8246135650718,152078.54566343737,183.5689660727863,107.47452217106105,0.6019895301378114,9,80.0,,,,,1.0,1.0,0.05
4,P-ACO,direct_index,none,paco_p30_g80_a80_rho005_a10_t010,30,80,,1001,22.74354508300894,704.5,162.3937607029891,152590.9000612365,392.7370370144778,69.37500371744726,0.7130090777087181,8,80.0,,,,,1.0,1.0,0.05
4,P-ACO,direct_index,none,paco_p30_g80_a80_rho005_a10_t010,30,80,,1002,22.79217245799373,633.5,242.13054886361988,464659.82986855856,398.6906860581299,395.5021185921358,0.963186340209548,10,80.0,,,,,1.0,1.0,0.05
4,P-ACO,direct_index,none,paco_p30_g80_a80_rho005_a10_t010,30,80,,1003,22.73093241600145,586.5,173.8429996489988,239415.2780584031,339.9905933903071,234.02444952394902,0.7627646129885839,9,80.0,,,,,1.0,1.0,0.05
4,P-ACO,direct_index,none,paco_p30_g80_a80_rho005_a10_t010,30,80,,1004,22.771214084001258,492.5,135.31849354275727,179942.60448419905,260.2990377738035,654.6814648017875,0.8742880453662891,7,80.0,,,,,1.0,1.0,0.05
4,P-ACO,direct_index,none,paco_p30_g80_a80_rho01_a10_t010,30,80,,1000,22.83941729099024,640.5,90.1157654647107,143878.29083750385,361.4676415756412,334.1228903435692,0.86845522442815,6,80.0,,,,,1.0,1.0,0.1
4,P-ACO,direct_index,none,paco_p30_g80_a80_rho01_a10_t010,30,80,,1001,22.837122958007967,696.5,162.08931861898523,357861.3196731187,402.41976341357696,205.89943146914837,0.8313396802363,10,80.0,,,,,1.0,1.0,0.1
4,P-ACO,direct_index,none,paco_p30_g80_a80_rho01_a10_t010,30,80,,1002,22.87248804200499,544.5,174.5082836190718,113878.35840744077,299.13396774240346,160.97394316166972,0.8019085643877397,8,80.0,,,,,1.0,1.0,0.1
4,P-ACO,direct_index,none,paco_p30_g80_a80_rho01_a10_t010,30,80,,1003,22.834261750002042,489.5,111.74097030998597,58748.12958721622,269.1050968636292,163.70015888519083,0.6802233858111812,7,80.0,,,,,1.0,1.0,0.1
4,P-ACO,direct_index,none,paco_p30_g80_a80_rho01_a10_t010,30,80,,1004,22.89498774999811,512.5,178.99543235416306,140568.53124161152,281.0682950940977,148.1333776014371,0.7361929813119498,10,80.0,,,,,1.0,1.0,0.1
4,P-ACO,direct_index,none,paco_p60_g40_a40_rho005_a10_t010,60,40,,1000,22.690940041997237,591.5,147.60628227651793,82588.4184726023,349.5004575539287,252.6816676078701,0.8441143049973677,7,40.0,,,,,1.0,1.0,0.05
4,P-ACO,direct_index,none,paco_p60_g40_a40_rho005_a10_t010,60,40,,1001,22.71104337500583,756.5,134.9658065825294,118460.91483673178,437.32702529959425,216.00664410541773,0.8528181216566616,7,40.0,,,,,1.0,1.0,0.05
4,P-ACO,direct_index,none,paco_p60_g40_a40_rho005_a10_t010,60,40,,1002,22.71947999999975,636.5,194.5076192481253,105093.47689447903,378.0076775617468,247.08058604103726,0.8436931673617198,6,40.0,,,,,1.0,1.0,0.05
4,P-ACO,direct_index,none,paco_p60_g40_a40_rho005_a10_t010,60,40,,1003,22.722936124991975,794.5,108.723855983682,410969.98312136746,466.81542165682765,410.60202903995764,0.7232600165876799,6,40.0,,,,,1.0,1.0,0.05
4,P-ACO,direct_index,none,paco_p60_g40_a40_rho005_a10_t010,60,40,,1004,22.731602792002377,502.5,201.67180057815736,167512.27781539268,289.06887263091767,110.87135357603087,0.6817228893928488,9,40.0,,,,,1.0,1.0,0.05
4,P-ACO,direct_index,none,paco_p60_g40_a40_rho01_a10_t010,60,40,,1000,22.691211500001373,674.5,178.52003185766065,217397.30667993022,394.8540179912847,287.822922745209,0.885017011710002,12,40.0,,,,,1.0,1.0,0.1
4,P-ACO,direct_index,none,paco_p60_g40_a40_rho01_a10_t010,60,40,,1001,22.723443292008596,861.5,127.92484756786678,129045.85976453927,529.5178487407211,170.06306491401898,0.8773137946813399,9,40.0,,,,,1.0,1.0,0.1
4,P-ACO,direct_index,none,paco_p60_g40_a40_rho01_a10_t010,60,40,,1002,22.733000332998927,510.5,167.64699941249853,166757.61143472226,292.2225415331111,271.1249257576119,0.7815054297236029,8,40.0,,,,,1.0,1.0,0.1
4,P-ACO,direct_index,none,paco_p60_g40_a40_rho01_a10_t010,60,40,,1003,22.71428758300317,714.5,198.0054729995008,247279.07340716367,443.85617803921116,229.7263226882952,0.7913402882917623,8,40.0,,,,,1.0,1.0,0.1
4,P-ACO,direct_index,none,paco_p60_g40_a40_rho01_a10_t010,60,40,,1004,22.717995583996526,646.5,166.19331736119727,83935.6173456095,383.07904038709114,107.48104949743548,0.855685095108936,12,40.0,,,,,1.0,1.0,0.1
4,P-ACO,direct_index,none,paco_p60_g40_a80_rho005_a10_t010,60,40,,1000,22.729414082990843,591.5,147.60628227651793,82588.4184726023,349.5004575539287,252.6816676078701,0.8441143049973677,7,80.0,,,,,1.0,1.0,0.05
4,P-ACO,direct_index,none,paco_p60_g40_a80_rho005_a10_t010,60,40,,1001,22.75363483300316,756.5,134.9658065825294,118460.91483673178,437.32702529959425,216.00664410541773,0.8528181216566616,7,80.0,,,,,1.0,1.0,0.05
4,P-ACO,direct_index,none,paco_p60_g40_a80_rho005_a10_t010,60,40,,1002,22.691687458995148,636.5,194.5076192481253,105093.47689447903,378.0076775617468,247.08058604103726,0.8436931673617198,6,80.0,,,,,1.0,1.0,0.05
4,P-ACO,direct_index,none,paco_p60_g40_a80_rho005_a10_t010,60,40,,1003,22.714103292004438,794.5,108.723855983682,410969.98312136746,466.81542165682765,410.60202903995764,0.7232600165876799,6,80.0,,,,,1.0,1.0,0.05
4,P-ACO,direct_index,none,paco_p60_g40_a80_rho005_a10_t010,60,40,,1004,22.729766791992006,502.5,201.67180057815736,167512.27781539268,289.06887263091767,110.87135357603087,0.6817228893928488,9,80.0,,,,,1.0,1.0,0.05
4,P-ACO,direct_index,none,paco_p60_g40_a80_rho01_a10_t010,60,40,,1000,22.742297958000563,674.5,178.52003185766065,217397.30667993022,394.8540179912847,287.822922745209,0.885017011710002,12,80.0,,,,,1.0,1.0,0.1
4,P-ACO,direct_index,none,paco_p60_g40_a80_rho01_a10_t010,60,40,,1001,22.71679841700825,861.5,127.92484756786678,129045.85976453927,529.5178487407211,170.06306491401898,0.8773137946813399,9,80.0,,,,,1.0,1.0,0.1
4,P-ACO,direct_index,none,paco_p60_g40_a80_rho01_a10_t010,60,40,,1002,22.70789549998881,510.5,167.64699941249853,166757.61143472226,292.2225415331111,271.1249257576119,0.7815054297236029,8,80.0,,,,,1.0,1.0,0.1
4,P-ACO,direct_index,none,paco_p60_g40_a80_rho01_a10_t010,60,40,,1003,22.7423228330008,714.5,198.0054729995008,247279.07340716367,443.85617803921116,229.7263226882952,0.7913402882917623,8,80.0,,,,,1.0,1.0,0.1
4,P-ACO,direct_index,none,paco_p60_g40_a80_rho01_a10_t010,60,40,,1004,22.75124687499192,646.5,166.19331736119727,83935.6173456095,383.07904038709114,107.48104949743548,0.855685095108936,12,80.0,,,,,1.0,1.0,0.1
4,P-ACO,direct_index,none,paco_p60_g80_a40_rho005_a10_t010,60,80,,1000,44.89659195799322,591.5,147.60628227651793,225846.64030422654,329.40364227972884,382.5617697759186,0.8650281259183993,8,40.0,,,,,1.0,1.0,0.05
4,P-ACO,direct_index,none,paco_p60_g80_a40_rho005_a10_t010,60,80,,1001,44.9443581670057,708.5,144.9622478509903,178090.8070229243,412.81631796363934,237.68014353553136,0.8478307364440433,11,40.0,,,,,1.0,1.0,0.05
4,P-ACO,direct_index,none,paco_p60_g80_a40_rho005_a10_t010,60,80,,1002,45.011722124996595,600.5,145.44774358778986,195050.20036559517,338.3196029897471,247.74728073955737,0.8798871560269305,14,40.0,,,,,1.0,1.0,0.05
4,P-ACO,direct_index,none,paco_p60_g80_a40_rho005_a10_t010,60,80,,1003,45.07861991600657,794.5,108.723855983682,165715.92599627047,445.1459103691031,537.9712979131782,0.9582167849392431,6,40.0,,,,,1.0,1.0,0.05
4,P-ACO,direct_index,none,paco_p60_g80_a40_rho005_a10_t010,60,80,,1004,44.93831129198952,502.5,201.67180057815736,185227.320372288,286.4970562063581,183.64341107044336,0.9087698599976483,14,40.0,,,,,1.0,1.0,0.05
4,P-ACO,direct_index,none,paco_p60_g80_a40_rho01_a10_t010,60,80,,1000,44.99729737501184,527.5,121.33831046927517,86603.31323048043,287.8827584377694,497.5765291065746,0.9181726465957596,6,40.0,,,,,1.0,1.0,0.1
4,P-ACO,direct_index,none,paco_p60_g80_a40_rho01_a10_t010,60,80,,1001,45.1135756670119,514.5,145.9137888130578,136636.21596681938,273.5361287133107,150.02351175236916,0.783278844773091,12,40.0,,,,,1.0,1.0,0.1
4,P-ACO,direct_index,none,paco_p60_g80_a40_rho01_a10_t010,60,80,,1002,45.0724953750032,246.5,173.40884344627966,211027.90733507968,136.35927356631075,287.8457713010169,0.91667173374956,11,40.0,,,,,1.0,1.0,0.1
4,P-ACO,direct_index,none,paco_p60_g80_a40_rho01_a10_t010,60,80,,1003,44.873286792004365,460.5,142.2710190958652,121301.15785344846,232.96388387086103,225.09081208748623,0.8459947177162231,9,40.0,,,,,1.0,1.0,0.1
4,P-ACO,direct_index,none,paco_p60_g80_a40_rho01_a10_t010,60,80,,1004,45.07868541700009,457.5,166.53285608317418,157292.89861330454,238.49364158289782,178.38371189158138,0.8567712722928095,11,40.0,,,,,1.0,1.0,0.1
4,P-ACO,direct_index,none,paco_p60_g80_a80_rho005_a10_t010,60,80,,1000,44.89570733299479,591.5,147.60628227651793,225846.64030422654,329.40364227972884,382.5617697759186,0.8650281259183993,8,80.0,,,,,1.0,1.0,0.05
4,P-ACO,direct_index,none,paco_p60_g80_a80_rho005_a10_t010,60,80,,1001,45.02177295900765,708.5,144.9622478509903,178090.8070229243,412.81631796363934,237.68014353553136,0.8478307364440433,11,80.0,,,,,1.0,1.0,0.05
4,P-ACO,direct_index,none,paco_p60_g80_a80_rho005_a10_t010,60,80,,1002,44.92097416600154,600.5,145.44774358778986,195050.20036559517,338.3196029897471,247.74728073955737,0.8798871560269305,14,80.0,,,,,1.0,1.0,0.05
4,P-ACO,direct_index,none,paco_p60_g80_a80_rho005_a10_t010,60,80,,1003,45.018435207995935,794.5,108.723855983682,165715.92599627047,445.1459103691031,537.9712979131782,0.9582167849392431,6,80.0,,,,,1.0,1.0,0.05
4,P-ACO,direct_index,none,paco_p60_g80_a80_rho005_a10_t010,60,80,,1004,44.98412666699733,502.5,201.67180057815736,185227.320372288,286.4970562063581,183.64341107044336,0.9087698599976483,14,80.0,,,,,1.0,1.0,0.05
4,P-ACO,direct_index,none,paco_p60_g80_a80_rho01_a10_t010,60,80,,1000,45.1364222500124,527.5,121.33831046927517,86603.31323048043,287.8827584377694,497.5765291065746,0.9181726465957596,6,80.0,,,,,1.0,1.0,0.1
4,P-ACO,direct_index,none,paco_p60_g80_a80_rho01_a10_t010,60,80,,1001,45.05976762500359,514.5,145.9137888130578,136636.21596681938,273.5361287133107,150.02351175236916,0.783278844773091,12,80.0,,,,,1.0,1.0,0.1
4,P-ACO,direct_index,none,paco_p60_g80_a80_rho01_a10_t010,60,80,,1002,44.960182333001285,246.5,173.40884344627966,211027.90733507968,136.35927356631075,287.8457713010169,0.91667173374956,11,80.0,,,,,1.0,1.0,0.1
4,P-ACO,direct_index,none,paco_p60_g80_a80_rho01_a10_t010,60,80,,1003,44.939808499999344,460.5,142.2710190958652,121301.15785344846,232.96388387086103,225.09081208748623,0.8459947177162231,9,80.0,,,,,1.0,1.0,0.1
4,P-ACO,direct_index,none,paco_p60_g80_a80_rho01_a10_t010,60,80,,1004,45.202017125004204,457.5,166.53285608317418,157292.89861330454,238.49364158289782,178.38371189158138,0.8567712722928095,11,80.0,,,,,1.0,1.0,0.1
